
   INFO  Server running on [http://127.0.0.1:8000].  

  Press Ctrl+C to stop the server

  2026-07-01 12:14:02 /api/leave-requests .................................................................. ~ 0.32ms
  2026-07-01 12:14:02 /api/attendance-time-edit-requests ................................................... ~ 3.87ms
  2026-07-01 12:14:02 /api/notifications ................................................................... ~ 5.39ms
  2026-07-01 12:14:03 /api/chat/unread-summary ............................................................. ~ 3.49ms
  2026-07-01 12:14:03 /api/leave-requests ................................................................ ~ 513.00ms
  2026-07-01 12:14:03 /api/attendance-time-edit-requests ................................................. ~ 512.92ms
  2026-07-01 12:14:03 /api/notifications ................................................................... ~ 1.25ms
  2026-07-01 12:14:03 /api/chat/unread-summary ............................................................. ~ 2.30ms
  2026-07-01 12:15:02 /api/leave-requests .................................................................. ~ 1.14ms
  2026-07-01 12:15:02 /api/attendance-time-edit-requests ................................................... ~ 0.17ms
  2026-07-01 12:15:02 /api/notifications ................................................................... ~ 1.66ms
  2026-07-01 12:15:02 /api/chat/unread-summary ............................................................. ~ 2.05ms
  2026-07-01 12:15:02 /api/leave-requests .................................................................. ~ 1.46ms
  2026-07-01 12:15:02 /api/attendance-time-edit-requests ................................................... ~ 1.62ms
  2026-07-01 12:15:03 /api/notifications ................................................................... ~ 1.86ms
  2026-07-01 12:15:03 /api/chat/unread-summary ............................................................. ~ 1.87ms
  2026-07-01 12:16:02 /api/leave-requests .................................................................. ~ 0.48ms
  2026-07-01 12:16:02 /api/attendance-time-edit-requests ................................................... ~ 0.11ms
  2026-07-01 12:16:02 /api/notifications ................................................................... ~ 1.42ms
  2026-07-01 12:16:02 /api/chat/unread-summary ............................................................. ~ 2.31ms
  2026-07-01 12:16:02 /api/leave-requests .................................................................. ~ 2.09ms
  2026-07-01 12:16:02 /api/attendance-time-edit-requests ................................................... ~ 1.87ms
  2026-07-01 12:16:03 /api/notifications ................................................................... ~ 1.80ms
  2026-07-01 12:16:03 /api/chat/unread-summary ............................................................. ~ 3.10ms
  2026-07-01 12:17:02 /api/leave-requests .................................................................. ~ 1.41ms
  2026-07-01 12:17:02 /api/attendance-time-edit-requests ................................................... ~ 0.09ms
  2026-07-01 12:17:02 /api/notifications ................................................................... ~ 1.22ms
  2026-07-01 12:17:02 /api/chat/unread-summary ............................................................. ~ 1.56ms
  2026-07-01 12:17:02 /api/leave-requests .................................................................. ~ 2.23ms
  2026-07-01 12:17:03 /api/attendance-time-edit-requests ................................................... ~ 1.68ms
  2026-07-01 12:17:03 /api/notifications ................................................................... ~ 1.14ms
  2026-07-01 12:17:03 /api/chat/unread-summary ............................................................. ~ 1.95ms
  2026-07-01 12:18:02 /api/leave-requests .................................................................. ~ 0.35ms
  2026-07-01 12:18:02 /api/attendance-time-edit-requests ................................................... ~ 0.18ms
  2026-07-01 12:18:02 /api/notifications ................................................................... ~ 1.50ms
  2026-07-01 12:18:02 /api/chat/unread-summary ............................................................. ~ 2.07ms
  2026-07-01 12:18:02 /api/leave-requests .................................................................. ~ 1.94ms
  2026-07-01 12:18:02 /api/attendance-time-edit-requests ................................................. ~ 507.35ms
  2026-07-01 12:18:03 /api/notifications ................................................................. ~ 507.56ms
  2026-07-01 12:18:03 /api/chat/unread-summary ............................................................. ~ 1.64ms
  2026-07-01 12:19:02 /api/leave-requests .................................................................. ~ 0.28ms
  2026-07-01 12:19:02 /api/attendance-time-edit-requests ................................................... ~ 0.11ms
  2026-07-01 12:19:02 /api/notifications ................................................................... ~ 1.24ms
  2026-07-01 12:19:02 /api/chat/unread-summary ............................................................. ~ 1.63ms
  2026-07-01 12:19:02 /api/leave-requests .................................................................. ~ 2.17ms
  2026-07-01 12:19:02 /api/attendance-time-edit-requests ................................................... ~ 1.55ms
  2026-07-01 12:19:03 /api/notifications ................................................................... ~ 1.14ms
  2026-07-01 12:19:03 /api/chat/unread-summary ............................................................. ~ 1.68ms
  2026-07-01 12:20:02 /api/leave-requests ................................................................ ~ 501.76ms
  2026-07-01 12:20:02 /api/attendance-time-edit-requests ................................................. ~ 503.71ms
  2026-07-01 12:20:02 /api/notifications ................................................................. ~ 504.78ms
  2026-07-01 12:20:02 /api/chat/unread-summary ........................................................... ~ 506.39ms
  2026-07-01 12:20:03 /api/leave-requests .................................................................. ~ 0.09ms
  2026-07-01 12:20:03 /api/attendance-time-edit-requests ................................................... ~ 1.71ms
  2026-07-01 12:20:03 /api/notifications ................................................................... ~ 1.16ms
  2026-07-01 12:20:03 /api/chat/unread-summary ............................................................. ~ 1.54ms
  2026-07-01 12:21:02 /api/leave-requests .................................................................. ~ 0.43ms
  2026-07-01 12:21:02 /api/attendance-time-edit-requests ................................................... ~ 0.11ms
  2026-07-01 12:21:02 /api/notifications ................................................................... ~ 1.63ms
  2026-07-01 12:21:02 /api/chat/unread-summary ............................................................. ~ 2.42ms
  2026-07-01 12:21:02 /api/leave-requests .................................................................. ~ 1.63ms
  2026-07-01 12:21:02 /api/attendance-time-edit-requests ................................................... ~ 1.68ms
  2026-07-01 12:21:03 /api/notifications ................................................................... ~ 1.83ms
  2026-07-01 12:21:03 /api/chat/unread-summary ............................................................. ~ 2.17ms
  2026-07-01 12:21:12 /api/leave-requests .................................................................. ~ 0.22ms
  2026-07-01 12:21:12 /api/attendance-time-edit-requests ................................................... ~ 0.11ms
  2026-07-01 12:21:12 /api/notifications ................................................................... ~ 1.31ms
  2026-07-01 12:21:12 /api/chat/unread-summary ............................................................. ~ 1.83ms
  2026-07-01 12:21:12 /api/leave-requests .................................................................. ~ 1.98ms
  2026-07-01 12:21:12 /api/attendance-time-edit-requests ................................................... ~ 1.90ms
  2026-07-01 12:21:12 /api/notifications ................................................................... ~ 1.20ms
  2026-07-01 12:21:12 /api/chat/unread-summary ............................................................. ~ 1.59ms
  2026-07-01 12:21:13 /api/employees/emp-003/workspace ..................................................... ~ 0.24ms
  2026-07-01 12:21:13 /api/employees/emp-003/workspace ..................................................... ~ 0.10ms
  2026-07-01 12:21:14 /api/employees/emp-003/workspace ..................................................... ~ 1.15ms
  2026-07-01 12:21:14 /api/employees/emp-003/workspace ..................................................... ~ 0.31ms
  2026-07-01 12:21:16 /api/leave-requests .................................................................. ~ 1.10ms
  2026-07-01 12:21:16 /api/attendance-time-edit-requests ................................................... ~ 3.15ms
  2026-07-01 12:21:16 /api/notifications ................................................................... ~ 4.46ms
  2026-07-01 12:21:16 /api/chat/unread-summary ............................................................. ~ 3.18ms
  2026-07-01 12:21:16 /api/leave-requests .................................................................. ~ 2.02ms
  2026-07-01 12:21:16 /api/attendance-time-edit-requests ................................................... ~ 3.03ms
  2026-07-01 12:21:16 /api/notifications ................................................................... ~ 1.64ms
  2026-07-01 12:21:16 /api/chat/unread-summary ............................................................. ~ 2.20ms
  2026-07-01 12:21:24 /api/leave-requests .................................................................. ~ 0.30ms
  2026-07-01 12:21:24 /api/attendance-time-edit-requests ................................................... ~ 0.10ms
  2026-07-01 12:21:24 /api/notifications ................................................................... ~ 1.82ms
  2026-07-01 12:21:24 /api/chat/unread-summary ............................................................. ~ 1.83ms
  2026-07-01 12:21:24 /api/leave-requests .................................................................. ~ 1.51ms
  2026-07-01 12:21:24 /api/attendance-time-edit-requests ................................................. ~ 504.78ms
  2026-07-01 12:21:25 /api/notifications ................................................................. ~ 504.42ms
  2026-07-01 12:21:25 /api/chat/unread-summary ............................................................. ~ 1.58ms
  2026-07-01 12:21:27 /api/employees/emp-003/workspace ..................................................... ~ 1.14ms
  2026-07-01 12:21:27 /api/employees/emp-003/workspace ..................................................... ~ 0.09ms
  2026-07-01 12:21:28 /api/employees/emp-003/workspace ..................................................... ~ 0.36ms
  2026-07-01 12:21:28 /api/employees/emp-003/workspace ..................................................... ~ 0.09ms
  2026-07-01 12:21:30 /api/employees/emp-003/workspace ..................................................... ~ 0.36ms
  2026-07-01 12:21:30 /api/employees/emp-003/workspace ..................................................... ~ 0.11ms
  2026-07-01 12:21:31 /api/employees/emp-003/workspace ..................................................... ~ 1.14ms
  2026-07-01 12:21:31 /api/employees/emp-003/workspace ..................................................... ~ 0.09ms
  2026-07-01 12:21:32 /api/leave-requests .................................................................. ~ 0.39ms
  2026-07-01 12:21:32 /api/attendance-time-edit-requests ................................................... ~ 3.12ms
  2026-07-01 12:21:32 /api/notifications ................................................................... ~ 6.00ms
  2026-07-01 12:21:32 /api/chat/unread-summary ............................................................. ~ 8.33ms
  2026-07-01 12:21:32 /api/leave-requests .................................................................. ~ 0.08ms
  2026-07-01 12:21:32 /api/attendance-time-edit-requests ................................................... ~ 1.61ms
  2026-07-01 12:21:32 /api/notifications ................................................................... ~ 1.51ms
  2026-07-01 12:21:32 /api/chat/unread-summary ............................................................. ~ 1.71ms
  2026-07-01 12:21:35 /api/employees/emp-003/workspace ..................................................... ~ 1.13ms
  2026-07-01 12:21:35 /api/employees/emp-003/workspace ..................................................... ~ 0.09ms
  2026-07-01 12:21:40 /api/leave-requests .................................................................. ~ 0.32ms
  2026-07-01 12:21:40 /api/attendance-time-edit-requests ................................................... ~ 0.08ms
  2026-07-01 12:21:40 /api/notifications ................................................................... ~ 1.13ms
  2026-07-01 12:21:40 /api/chat/unread-summary ............................................................. ~ 1.99ms
  2026-07-01 12:21:40 /api/leave-requests .................................................................. ~ 2.38ms
  2026-07-01 12:21:40 /api/attendance-time-edit-requests ................................................... ~ 1.89ms
  2026-07-01 12:21:41 /api/notifications ................................................................... ~ 1.30ms
  2026-07-01 12:21:41 /api/chat/unread-summary ............................................................. ~ 2.32ms
  2026-07-01 12:21:48 /api/leave-requests .................................................................. ~ 0.24ms
  2026-07-01 12:21:48 /api/attendance-time-edit-requests ................................................... ~ 0.09ms
  2026-07-01 12:21:48 /api/notifications ................................................................... ~ 1.26ms
  2026-07-01 12:21:48 /api/chat/unread-summary ............................................................. ~ 2.11ms
  2026-07-01 12:21:48 /api/leave-requests ................................................................ ~ 509.59ms
  2026-07-01 12:21:48 /api/attendance-time-edit-requests ................................................. ~ 509.56ms
  2026-07-01 12:21:49 /api/notifications ................................................................... ~ 1.24ms
  2026-07-01 12:21:49 /api/chat/unread-summary ............................................................. ~ 2.14ms
  2026-07-01 12:21:56 /api/leave-requests .................................................................. ~ 0.97ms
  2026-07-01 12:21:56 /api/attendance-time-edit-requests ................................................... ~ 0.11ms
  2026-07-01 12:21:56 /api/notifications ................................................................... ~ 1.29ms
  2026-07-01 12:21:56 /api/chat/unread-summary ............................................................. ~ 1.64ms
  2026-07-01 12:21:56 /api/leave-requests .................................................................. ~ 1.44ms
  2026-07-01 12:21:56 /api/attendance-time-edit-requests ................................................... ~ 1.96ms
  2026-07-01 12:21:57 /api/notifications ................................................................... ~ 1.24ms
  2026-07-01 12:21:57 /api/chat/unread-summary ............................................................. ~ 1.60ms
  2026-07-01 12:22:04 /api/leave-requests .................................................................. ~ 0.97ms
  2026-07-01 12:22:04 /api/attendance-time-edit-requests ................................................... ~ 2.60ms
  2026-07-01 12:22:04 /api/notifications ................................................................... ~ 1.80ms
  2026-07-01 12:22:04 /api/chat/unread-summary ............................................................. ~ 1.64ms
  2026-07-01 12:22:04 /api/leave-requests .................................................................. ~ 1.44ms
  2026-07-01 12:22:05 /api/attendance-time-edit-requests ................................................... ~ 1.91ms
  2026-07-01 12:22:05 /api/notifications ................................................................... ~ 1.68ms
  2026-07-01 12:22:05 /api/chat/unread-summary ............................................................. ~ 1.58ms
  2026-07-01 12:22:12 /api/leave-requests .................................................................. ~ 1.15ms
  2026-07-01 12:22:12 /api/attendance-time-edit-requests ................................................... ~ 0.09ms
  2026-07-01 12:22:12 /api/notifications ................................................................... ~ 1.22ms
  2026-07-01 12:22:12 /api/chat/unread-summary ............................................................. ~ 2.10ms
  2026-07-01 12:22:12 /api/leave-requests ................................................................ ~ 510.16ms
  2026-07-01 12:22:12 /api/attendance-time-edit-requests ................................................. ~ 509.87ms
  2026-07-01 12:22:13 /api/notifications ................................................................... ~ 1.10ms
  2026-07-01 12:22:13 /api/chat/unread-summary ............................................................. ~ 1.52ms
  2026-07-01 12:22:20 /api/leave-requests .................................................................. ~ 1.03ms
  2026-07-01 12:22:20 /api/attendance-time-edit-requests ................................................... ~ 0.10ms
  2026-07-01 12:22:20 /api/notifications ................................................................... ~ 1.69ms
  2026-07-01 12:22:20 /api/chat/unread-summary ............................................................. ~ 1.72ms
  2026-07-01 12:22:20 /api/leave-requests .................................................................. ~ 1.44ms
  2026-07-01 12:22:20 /api/attendance-time-edit-requests ................................................... ~ 1.69ms
  2026-07-01 12:22:21 /api/notifications ................................................................... ~ 1.52ms
  2026-07-01 12:22:21 /api/chat/unread-summary ............................................................. ~ 1.67ms
  2026-07-01 12:22:28 /api/leave-requests .................................................................. ~ 1.17ms
  2026-07-01 12:22:28 /api/attendance-time-edit-requests ................................................... ~ 0.09ms
  2026-07-01 12:22:28 /api/notifications ................................................................... ~ 1.16ms
  2026-07-01 12:22:28 /api/chat/unread-summary ............................................................. ~ 1.58ms
  2026-07-01 12:22:28 /api/leave-requests .................................................................. ~ 2.04ms
  2026-07-01 12:22:28 /api/attendance-time-edit-requests ................................................... ~ 2.05ms
  2026-07-01 12:22:29 /api/notifications ................................................................... ~ 1.14ms
  2026-07-01 12:22:29 /api/chat/unread-summary ............................................................. ~ 1.67ms
  2026-07-01 12:23:02 /api/leave-requests .................................................................. ~ 0.41ms
  2026-07-01 12:23:02 /api/attendance-time-edit-requests ................................................... ~ 0.12ms
  2026-07-01 12:23:02 /api/notifications ................................................................... ~ 1.34ms
  2026-07-01 12:23:02 /api/chat/unread-summary ............................................................. ~ 1.65ms
  2026-07-01 12:23:02 /api/leave-requests .................................................................. ~ 2.07ms
  2026-07-01 12:23:02 /api/attendance-time-edit-requests ................................................. ~ 508.11ms
  2026-07-01 12:23:03 /api/notifications ................................................................. ~ 507.48ms
  2026-07-01 12:23:03 /api/chat/unread-summary ............................................................. ~ 1.90ms
  2026-07-01 12:24:02 /api/leave-requests .................................................................. ~ 1.03ms
  2026-07-01 12:24:02 /api/attendance-time-edit-requests ................................................... ~ 0.12ms
  2026-07-01 12:24:02 /api/notifications ................................................................... ~ 1.76ms
  2026-07-01 12:24:02 /api/chat/unread-summary ............................................................. ~ 2.03ms
  2026-07-01 12:24:02 /api/leave-requests .................................................................. ~ 1.76ms
  2026-07-01 12:24:02 /api/attendance-time-edit-requests ................................................... ~ 2.22ms
  2026-07-01 12:24:03 /api/notifications ................................................................... ~ 1.55ms
  2026-07-01 12:24:03 /api/chat/unread-summary ............................................................. ~ 1.94ms
  2026-07-01 12:24:12 /api/employees/emp-003/workspace ..................................................... ~ 1.50ms
  2026-07-01 12:24:12 /api/leave-requests .................................................................. ~ 0.12ms
  2026-07-01 12:24:12 /api/attendance-time-edit-requests ................................................... ~ 2.87ms
  2026-07-01 12:24:12 /api/notifications ................................................................... ~ 3.92ms
  2026-07-01 12:24:12 /api/chat/unread-summary ............................................................. ~ 2.62ms
  2026-07-01 12:24:12 /api/employees/emp-003/workspace ..................................................... ~ 2.35ms
  2026-07-01 12:24:12 /api/leave-requests .................................................................. ~ 1.35ms
  2026-07-01 12:24:12 /api/attendance-time-edit-requests ................................................... ~ 3.53ms
  2026-07-01 12:24:12 /api/notifications ................................................................... ~ 1.89ms
  2026-07-01 12:24:12 /api/chat/unread-summary ............................................................. ~ 3.11ms
  2026-07-01 12:24:30 /api/auth/me ......................................................................... ~ 0.39ms
  2026-07-01 12:24:30 /api/auth/me ......................................................................... ~ 0.12ms
  2026-07-01 12:24:30 /api/auth/me ......................................................................... ~ 0.17ms
  2026-07-01 12:24:30 /api/auth/me ......................................................................... ~ 0.16ms
  2026-07-01 12:24:31 /api/report-groups ................................................................... ~ 0.48ms
  2026-07-01 12:24:31 /api/projects ........................................................................ ~ 0.28ms
  2026-07-01 12:24:31 /api/organizations/6/members ......................................................... ~ 3.53ms
  2026-07-01 12:24:31 /api/leave-requests .................................................................. ~ 1.48ms
  2026-07-01 12:24:31 /api/attendance-time-edit-requests ................................................... ~ 2.15ms
  2026-07-01 12:24:31 /api/notifications ................................................................... ~ 1.77ms
  2026-07-01 12:24:31 /api/chat/unread-summary ............................................................. ~ 3.50ms
  2026-07-01 12:24:31 /api/report-groups ................................................................... ~ 3.61ms
  2026-07-01 12:24:31 /api/users ........................................................................... ~ 2.14ms
  2026-07-01 12:24:31 /api/projects ........................................................................ ~ 2.20ms
  2026-07-01 12:24:31 /api/leave-requests .................................................................. ~ 2.18ms
  2026-07-01 12:24:31 /api/organizations/6/members ......................................................... ~ 1.67ms
  2026-07-01 12:24:31 /api/attendance-time-edit-requests ................................................... ~ 1.55ms
  2026-07-01 12:24:31 /api/leave-requests ................................................................ ~ 502.96ms
  2026-07-01 12:24:31 /api/notifications ................................................................. ~ 502.71ms
  2026-07-01 12:24:31 /api/attendance-time-edit-requests ................................................... ~ 2.69ms
  2026-07-01 12:24:31 /api/chat/unread-summary ............................................................. ~ 1.52ms
  2026-07-01 12:24:31 /api/notifications ................................................................... ~ 1.64ms
  2026-07-01 12:24:31 /api/users ........................................................................... ~ 2.04ms
  2026-07-01 12:24:31 /api/chat/unread-summary ............................................................. ~ 1.92ms
  2026-07-01 12:24:31 /api/users ........................................................................... ~ 1.49ms
  2026-07-01 12:24:31 /api/leave-requests .................................................................. ~ 1.88ms
  2026-07-01 12:24:31 /api/attendance-time-edit-requests ................................................... ~ 5.09ms
  2026-07-01 12:24:32 /api/notifications ................................................................... ~ 1.68ms
  2026-07-01 12:24:32 /api/chat/unread-summary ............................................................. ~ 2.16ms
  2026-07-01 12:24:32 /api/users ........................................................................... ~ 1.58ms
  2026-07-01 12:24:33 /api/employees/65/workspace .......................................................... ~ 0.40ms
  2026-07-01 12:24:33 /api/employees/65/workspace .......................................................... ~ 0.73ms
  2026-07-01 12:24:36 /api/invites/send .................................................................... ~ 0.29ms
  2026-07-01 12:24:36 /api/invites/send .................................................................. ~ 502.55ms
  2026-07-01 12:24:39 /api/leave-requests ................................................................ ~ 516.84ms
  2026-07-01 12:24:39 /api/attendance-time-edit-requests ................................................. ~ 520.94ms
  2026-07-01 12:24:39 /api/notifications ................................................................. ~ 522.66ms
  2026-07-01 12:24:39 /api/chat/unread-summary ............................................................. ~ 4.88ms
  2026-07-01 12:24:39 /api/leave-requests .................................................................. ~ 1.45ms
  2026-07-01 12:24:39 /api/attendance-time-edit-requests ................................................... ~ 1.68ms
  2026-07-01 12:24:39 /api/notifications ................................................................... ~ 4.29ms
  2026-07-01 12:24:39 /api/chat/unread-summary ............................................................. ~ 1.58ms
  2026-07-01 12:24:45 /api/payroll/pay-groups .............................................................. ~ 0.55ms
  2026-07-01 12:24:45 /api/payroll/salary-structures ....................................................... ~ 5.56ms
  2026-07-01 12:24:45 /api/payroll/pay-groups ............................................................ ~ 505.63ms
  2026-07-01 12:24:45 /api/payroll/salary-structures ....................................................... ~ 0.26ms
  2026-07-01 12:24:47 /api/leave-requests .................................................................. ~ 0.98ms
  2026-07-01 12:24:47 /api/attendance-time-edit-requests ................................................... ~ 2.87ms
  2026-07-01 12:24:47 /api/notifications ................................................................... ~ 4.19ms
  2026-07-01 12:24:47 /api/chat/unread-summary ............................................................. ~ 3.15ms
  2026-07-01 12:24:51 /api/users ......................................................................... ~ 513.79ms
  2026-07-01 12:24:51 /api/roles ......................................................................... ~ 515.81ms
  2026-07-01 12:24:51 /api/report-groups ................................................................. ~ 517.91ms
  2026-07-01 12:24:51 /api/organizations/6/members ....................................................... ~ 519.75ms
  2026-07-01 12:24:55 /api/leave-requests .................................................................. ~ 1.48ms
  2026-07-01 12:24:55 /api/attendance-time-edit-requests ................................................... ~ 3.78ms
  2026-07-01 12:24:55 /api/notifications ................................................................... ~ 1.23ms
  2026-07-01 12:24:55 /api/chat/unread-summary ............................................................. ~ 3.05ms
  2026-07-01 12:24:57 /api/payroll/onboarding-status ....................................................... ~ 1.05ms
  2026-07-01 12:24:57 /api/payroll/runs .................................................................... ~ 0.21ms
  2026-07-01 12:24:57 /api/payroll/pay-groups .............................................................. ~ 2.61ms
  2026-07-01 12:24:57 /api/payroll/onboarding-status ....................................................... ~ 1.65ms
  2026-07-01 12:24:57 /api/payroll/runs .................................................................... ~ 1.43ms
  2026-07-01 12:24:57 /api/payroll/pay-groups .............................................................. ~ 2.21ms
  2026-07-01 12:24:59 /api/payroll/pay-groups/3/employees .................................................. ~ 1.00ms
  2026-07-01 12:24:59 /api/payroll/pay-groups/3/employees .................................................. ~ 0.10ms
  2026-07-01 12:25:03 /api/leave-requests .................................................................. ~ 1.32ms
  2026-07-01 12:25:03 /api/attendance-time-edit-requests ................................................... ~ 3.46ms
  2026-07-01 12:25:03 /api/notifications ................................................................... ~ 4.65ms
  2026-07-01 12:25:03 /api/chat/unread-summary ............................................................. ~ 6.75ms
  2026-07-01 12:25:11 /api/leave-requests .................................................................. ~ 0.83ms
  2026-07-01 12:25:11 /api/attendance-time-edit-requests ................................................. ~ 517.29ms
  2026-07-01 12:25:11 /api/notifications ................................................................. ~ 517.78ms
  2026-07-01 12:25:11 /api/chat/unread-summary ............................................................. ~ 1.54ms
  2026-07-01 12:25:19 /api/leave-requests .................................................................. ~ 0.51ms
  2026-07-01 12:25:19 /api/attendance-time-edit-requests ................................................... ~ 2.28ms
  2026-07-01 12:25:19 /api/notifications ................................................................... ~ 3.55ms
  2026-07-01 12:25:19 /api/chat/unread-summary ............................................................. ~ 5.10ms
  2026-07-01 12:25:27 /api/leave-requests .................................................................. ~ 1.21ms
  2026-07-01 12:25:27 /api/attendance-time-edit-requests ................................................... ~ 3.36ms
  2026-07-01 12:25:27 /api/notifications ................................................................... ~ 1.20ms
  2026-07-01 12:25:27 /api/chat/unread-summary ............................................................. ~ 3.10ms
  2026-07-01 12:25:35 /api/leave-requests .................................................................. ~ 0.98ms
  2026-07-01 12:25:35 /api/attendance-time-edit-requests ................................................... ~ 2.79ms
  2026-07-01 12:25:35 /api/notifications ................................................................... ~ 4.22ms
  2026-07-01 12:25:35 /api/chat/unread-summary ............................................................. ~ 5.88ms
  2026-07-01 12:25:43 /api/leave-requests ................................................................ ~ 502.59ms
  2026-07-01 12:25:43 /api/attendance-time-edit-requests ................................................. ~ 505.85ms
  2026-07-01 12:25:43 /api/notifications ................................................................. ~ 506.97ms
  2026-07-01 12:25:43 /api/chat/unread-summary ............................................................. ~ 3.33ms
  2026-07-01 12:25:51 /api/leave-requests .................................................................. ~ 0.38ms
  2026-07-01 12:25:51 /api/attendance-time-edit-requests ................................................... ~ 2.00ms
  2026-07-01 12:25:51 /api/notifications ................................................................. ~ 511.93ms
  2026-07-01 12:25:51 /api/chat/unread-summary ........................................................... ~ 511.84ms
  2026-07-01 12:25:59 /api/leave-requests .................................................................. ~ 0.34ms
  2026-07-01 12:25:59 /api/attendance-time-edit-requests ................................................... ~ 2.01ms
  2026-07-01 12:25:59 /api/notifications ................................................................... ~ 3.18ms
  2026-07-01 12:25:59 /api/chat/unread-summary ............................................................. ~ 4.74ms
  2026-07-01 12:26:07 /api/leave-requests .................................................................. ~ 0.30ms
  2026-07-01 12:26:07 /api/attendance-time-edit-requests ................................................... ~ 2.05ms
  2026-07-01 12:26:07 /api/notifications ................................................................... ~ 1.47ms
  2026-07-01 12:26:08 /api/chat/unread-summary ............................................................. ~ 2.61ms
  2026-07-01 12:26:15 /api/leave-requests ................................................................ ~ 512.86ms
  2026-07-01 12:26:15 /api/attendance-time-edit-requests ................................................... ~ 0.13ms
  2026-07-01 12:26:15 /api/notifications ................................................................... ~ 1.58ms
  2026-07-01 12:26:16 /api/chat/unread-summary ............................................................. ~ 2.21ms
  2026-07-01 12:26:23 /api/leave-requests .................................................................. ~ 0.27ms
  2026-07-01 12:26:23 /api/attendance-time-edit-requests ................................................... ~ 2.03ms
  2026-07-01 12:26:23 /api/notifications ................................................................... ~ 1.82ms
  2026-07-01 12:26:23 /api/chat/unread-summary ............................................................. ~ 2.11ms
  2026-07-01 12:26:31 /api/leave-requests .................................................................. ~ 1.21ms
  2026-07-01 12:26:31 /api/attendance-time-edit-requests ................................................... ~ 0.38ms
  2026-07-01 12:26:31 /api/notifications ................................................................... ~ 2.34ms
  2026-07-01 12:26:31 /api/chat/unread-summary ............................................................. ~ 1.87ms
  2026-07-01 12:26:39 /api/leave-requests .................................................................. ~ 1.13ms
  2026-07-01 12:26:39 /api/attendance-time-edit-requests ................................................... ~ 2.78ms
  2026-07-01 12:26:39 /api/notifications ................................................................... ~ 2.25ms
  2026-07-01 12:26:39 /api/chat/unread-summary ............................................................ ~ 11.23ms
  2026-07-01 12:27:02 /api/leave-requests .................................................................. ~ 0.50ms
  2026-07-01 12:27:02 /api/attendance-time-edit-requests ................................................... ~ 2.40ms
  2026-07-01 12:27:02 /api/notifications ................................................................... ~ 1.25ms
  2026-07-01 12:27:03 /api/chat/unread-summary ............................................................. ~ 1.95ms
  2026-07-01 12:28:02 /api/leave-requests .................................................................. ~ 0.37ms
  2026-07-01 12:28:02 /api/attendance-time-edit-requests ................................................... ~ 0.14ms
  2026-07-01 12:28:02 /api/notifications ................................................................... ~ 1.45ms
  2026-07-01 12:28:02 /api/chat/unread-summary ............................................................. ~ 1.82ms
  2026-07-01 12:29:02 /api/leave-requests ................................................................ ~ 503.99ms
  2026-07-01 12:29:03 /api/attendance-time-edit-requests ................................................... ~ 0.16ms
  2026-07-01 12:29:03 /api/notifications ................................................................... ~ 1.35ms
  2026-07-01 12:29:03 /api/chat/unread-summary ............................................................. ~ 1.60ms
  2026-07-01 12:30:02 /api/leave-requests .................................................................. ~ 0.30ms
  2026-07-01 12:30:02 /api/attendance-time-edit-requests ................................................... ~ 2.58ms
  2026-07-01 12:30:02 /api/notifications ................................................................... ~ 1.73ms
  2026-07-01 12:30:02 /api/chat/unread-summary ............................................................. ~ 1.99ms
  2026-07-01 12:31:02 /api/leave-requests .................................................................. ~ 1.09ms
  2026-07-01 12:31:02 /api/attendance-time-edit-requests ................................................... ~ 3.02ms
  2026-07-01 12:31:02 /api/notifications ................................................................... ~ 4.98ms
  2026-07-01 12:31:02 /api/chat/unread-summary ............................................................. ~ 3.67ms
  2026-07-01 12:32:02 /api/leave-requests .................................................................. ~ 1.07ms
  2026-07-01 12:32:02 /api/attendance-time-edit-requests ................................................... ~ 3.26ms
  2026-07-01 12:32:02 /api/notifications ................................................................... ~ 4.65ms
  2026-07-01 12:32:02 /api/chat/unread-summary ............................................................. ~ 3.05ms
  2026-07-01 12:33:02 /api/leave-requests .................................................................. ~ 0.98ms
  2026-07-01 12:33:02 /api/attendance-time-edit-requests ................................................... ~ 2.68ms
  2026-07-01 12:33:02 /api/notifications ................................................................... ~ 1.70ms
  2026-07-01 12:33:02 /api/chat/unread-summary ............................................................. ~ 2.28ms
  2026-07-01 12:34:02 /api/leave-requests .................................................................. ~ 1.18ms
  2026-07-01 12:34:02 /api/attendance-time-edit-requests ................................................... ~ 3.28ms
  2026-07-01 12:34:02 /api/notifications ................................................................... ~ 1.47ms
  2026-07-01 12:34:02 /api/chat/unread-summary ............................................................. ~ 1.73ms
  2026-07-01 12:35:02 /api/leave-requests .................................................................. ~ 1.14ms
  2026-07-01 12:35:02 /api/attendance-time-edit-requests ................................................... ~ 3.33ms
  2026-07-01 12:35:02 /api/notifications ................................................................... ~ 4.65ms
  2026-07-01 12:35:02 /api/chat/unread-summary ............................................................. ~ 6.13ms
  2026-07-01 12:36:02 /api/leave-requests ................................................................ ~ 513.66ms
  2026-07-01 12:36:02 /api/attendance-time-edit-requests ................................................. ~ 515.73ms
  2026-07-01 12:36:02 /api/notifications ................................................................... ~ 2.06ms
  2026-07-01 12:36:02 /api/chat/unread-summary ............................................................. ~ 1.84ms
  2026-07-01 12:37:02 /api/leave-requests .................................................................. ~ 0.29ms
  2026-07-01 12:37:02 /api/attendance-time-edit-requests ................................................... ~ 2.16ms
  2026-07-01 12:37:02 /api/notifications ................................................................... ~ 3.71ms
  2026-07-01 12:37:02 /api/chat/unread-summary ............................................................. ~ 3.76ms
  2026-07-01 12:38:02 /api/leave-requests .................................................................. ~ 0.26ms
  2026-07-01 12:38:02 /api/attendance-time-edit-requests ................................................... ~ 2.13ms
  2026-07-01 12:38:03 /api/notifications ................................................................... ~ 1.33ms
  2026-07-01 12:38:03 /api/chat/unread-summary ........................................................... ~ 516.81ms
  2026-07-01 12:39:02 /api/leave-requests .................................................................. ~ 1.09ms
  2026-07-01 12:39:02 /api/attendance-time-edit-requests ................................................... ~ 2.77ms
  2026-07-01 12:39:02 /api/notifications ................................................................... ~ 2.33ms
  2026-07-01 12:39:02 /api/chat/unread-summary ............................................................. ~ 1.65ms
  2026-07-01 12:40:02 /api/leave-requests .................................................................. ~ 0.98ms
  2026-07-01 12:40:02 /api/attendance-time-edit-requests ................................................... ~ 2.96ms
  2026-07-01 12:40:02 /api/notifications ................................................................... ~ 4.19ms
  2026-07-01 12:40:02 /api/chat/unread-summary ............................................................. ~ 2.99ms
  2026-07-01 12:40:15 /api/leave-requests .................................................................. ~ 0.42ms
  2026-07-01 12:40:15 /api/attendance-time-edit-requests ................................................. ~ 515.07ms
  2026-07-01 12:40:15 /api/notifications ................................................................. ~ 519.28ms
  2026-07-01 12:40:15 /api/chat/unread-summary ............................................................. ~ 4.69ms
  2026-07-01 12:40:23 /api/leave-requests .................................................................. ~ 0.82ms
  2026-07-01 12:40:23 /api/attendance-time-edit-requests ................................................... ~ 6.20ms
  2026-07-01 12:40:23 /api/notifications ................................................................... ~ 3.40ms
  2026-07-01 12:40:23 /api/chat/unread-summary ............................................................. ~ 1.59ms
  2026-07-01 12:40:31 /api/leave-requests .................................................................. ~ 1.28ms
  2026-07-01 12:40:31 /api/attendance-time-edit-requests ................................................... ~ 6.58ms
  2026-07-01 12:40:31 /api/notifications ................................................................... ~ 9.92ms
  2026-07-01 12:40:31 /api/chat/unread-summary ............................................................ ~ 14.14ms
  2026-07-01 12:40:39 /api/leave-requests .................................................................. ~ 0.47ms
  2026-07-01 12:40:39 /api/attendance-time-edit-requests ................................................... ~ 2.40ms
  2026-07-01 12:40:39 /api/notifications ................................................................... ~ 3.67ms
  2026-07-01 12:40:39 /api/chat/unread-summary ............................................................. ~ 5.15ms
  2026-07-01 12:40:47 /api/leave-requests .................................................................. ~ 0.30ms
  2026-07-01 12:40:47 /api/attendance-time-edit-requests ................................................... ~ 2.59ms
  2026-07-01 12:40:47 /api/notifications ................................................................. ~ 517.73ms
  2026-07-01 12:40:47 /api/chat/unread-summary ........................................................... ~ 517.18ms
  2026-07-01 12:40:55 /api/leave-requests .................................................................. ~ 0.98ms
  2026-07-01 12:40:55 /api/attendance-time-edit-requests ................................................... ~ 3.02ms
  2026-07-01 12:40:55 /api/notifications ................................................................... ~ 1.75ms
  2026-07-01 12:40:55 /api/chat/unread-summary ............................................................. ~ 1.64ms
  2026-07-01 12:41:03 /api/leave-requests .................................................................. ~ 0.99ms
  2026-07-01 12:41:03 /api/attendance-time-edit-requests ................................................... ~ 2.69ms
  2026-07-01 12:41:03 /api/notifications ................................................................... ~ 3.87ms
  2026-07-01 12:41:03 /api/chat/unread-summary ............................................................. ~ 6.13ms
  2026-07-01 12:41:11 /api/leave-requests .................................................................. ~ 0.50ms
  2026-07-01 12:41:11 /api/attendance-time-edit-requests ................................................. ~ 514.14ms
  2026-07-01 12:41:11 /api/notifications ................................................................. ~ 512.57ms
  2026-07-01 12:41:12 /api/chat/unread-summary ............................................................. ~ 1.58ms
  2026-07-01 12:42:02 /api/leave-requests ................................................................ ~ 513.59ms
  2026-07-01 12:42:02 /api/attendance-time-edit-requests ................................................... ~ 0.21ms
  2026-07-01 12:42:02 /api/notifications ................................................................... ~ 1.74ms
  2026-07-01 12:42:02 /api/chat/unread-summary ............................................................. ~ 1.65ms
  2026-07-01 12:43:02 /api/leave-requests .................................................................. ~ 0.31ms
  2026-07-01 12:43:02 /api/attendance-time-edit-requests ................................................. ~ 514.90ms
  2026-07-01 12:43:03 /api/notifications ................................................................. ~ 514.21ms
  2026-07-01 12:43:03 /api/chat/unread-summary ............................................................. ~ 1.62ms
  2026-07-01 12:44:02 /api/leave-requests .................................................................. ~ 1.16ms
  2026-07-01 12:44:02 /api/attendance-time-edit-requests ................................................... ~ 3.13ms
  2026-07-01 12:44:02 /api/notifications ................................................................... ~ 4.28ms
  2026-07-01 12:44:02 /api/chat/unread-summary ............................................................. ~ 2.91ms
  2026-07-01 12:45:02 /api/leave-requests .................................................................. ~ 1.11ms
  2026-07-01 12:45:02 /api/attendance-time-edit-requests ................................................... ~ 3.23ms
  2026-07-01 12:45:02 /api/notifications ................................................................... ~ 1.98ms
  2026-07-01 12:45:02 /api/chat/unread-summary ............................................................. ~ 1.67ms
  2026-07-01 12:46:02 /api/leave-requests ................................................................ ~ 514.87ms
  2026-07-01 12:46:02 /api/attendance-time-edit-requests ................................................. ~ 516.52ms
  2026-07-01 12:46:02 /api/notifications ................................................................... ~ 1.15ms
  2026-07-01 12:46:03 /api/chat/unread-summary ............................................................. ~ 1.57ms
  2026-07-01 12:47:02 /api/leave-requests .................................................................. ~ 0.41ms
  2026-07-01 12:47:02 /api/attendance-time-edit-requests ................................................... ~ 2.77ms
  2026-07-01 12:47:02 /api/notifications ................................................................. ~ 513.20ms
  2026-07-01 12:47:02 /api/chat/unread-summary ........................................................... ~ 513.24ms
  2026-07-01 12:48:02 /api/leave-requests .................................................................. ~ 1.16ms
  2026-07-01 12:48:02 /api/attendance-time-edit-requests ................................................... ~ 3.01ms
  2026-07-01 12:48:02 /api/notifications ................................................................... ~ 1.92ms
  2026-07-01 12:48:02 /api/chat/unread-summary ............................................................. ~ 1.61ms
  2026-07-01 12:49:02 /api/leave-requests .................................................................. ~ 1.20ms
  2026-07-01 12:49:02 /api/attendance-time-edit-requests ................................................... ~ 3.04ms
  2026-07-01 12:49:02 /api/notifications ................................................................... ~ 1.98ms
  2026-07-01 12:49:03 /api/chat/unread-summary ............................................................. ~ 1.70ms
  2026-07-01 12:50:02 /api/leave-requests .................................................................. ~ 0.25ms
  2026-07-01 12:50:02 /api/attendance-time-edit-requests ................................................... ~ 2.04ms
  2026-07-01 12:50:02 /api/notifications ................................................................... ~ 1.44ms
  2026-07-01 12:50:02 /api/chat/unread-summary ............................................................. ~ 1.86ms
  2026-07-01 12:51:02 /api/leave-requests .................................................................. ~ 1.12ms
  2026-07-01 12:51:02 /api/attendance-time-edit-requests ................................................... ~ 0.10ms
  2026-07-01 12:51:02 /api/notifications ................................................................... ~ 1.23ms
  2026-07-01 12:51:02 /api/chat/unread-summary ............................................................. ~ 1.85ms
  2026-07-01 12:52:02 /api/leave-requests .................................................................. ~ 0.25ms
  2026-07-01 12:52:02 /api/attendance-time-edit-requests ................................................... ~ 2.30ms
  2026-07-01 12:52:02 /api/notifications ................................................................. ~ 514.54ms
  2026-07-01 12:52:03 /api/chat/unread-summary ........................................................... ~ 515.50ms
  2026-07-01 12:53:02 /api/leave-requests .................................................................. ~ 1.38ms
  2026-07-01 12:53:02 /api/attendance-time-edit-requests ................................................... ~ 3.74ms
  2026-07-01 12:53:02 /api/notifications ................................................................... ~ 4.87ms
  2026-07-01 12:53:02 /api/chat/unread-summary ............................................................. ~ 6.83ms
  2026-07-01 12:54:02 /api/leave-requests .................................................................. ~ 1.12ms
  2026-07-01 12:54:02 /api/attendance-time-edit-requests ................................................... ~ 2.96ms
  2026-07-01 12:54:02 /api/notifications ................................................................... ~ 4.07ms
  2026-07-01 12:54:02 /api/chat/unread-summary ............................................................. ~ 5.58ms
  2026-07-01 12:55:02 /api/leave-requests .................................................................. ~ 1.82ms
  2026-07-01 12:55:02 /api/attendance-time-edit-requests ................................................... ~ 3.85ms
  2026-07-01 12:55:02 /api/notifications ................................................................... ~ 4.98ms
  2026-07-01 12:55:02 /api/chat/unread-summary ............................................................. ~ 2.75ms
  2026-07-01 12:56:02 /api/leave-requests .................................................................. ~ 1.10ms
  2026-07-01 12:56:02 /api/attendance-time-edit-requests ................................................... ~ 3.24ms
  2026-07-01 12:56:02 /api/notifications ................................................................... ~ 1.55ms
  2026-07-01 12:56:02 /api/chat/unread-summary ............................................................. ~ 2.01ms
  2026-07-01 12:57:02 /api/leave-requests .................................................................. ~ 1.63ms
  2026-07-01 12:57:02 /api/attendance-time-edit-requests ................................................... ~ 0.13ms
  2026-07-01 12:57:02 /api/notifications ................................................................... ~ 1.26ms
  2026-07-01 12:57:02 /api/chat/unread-summary ............................................................. ~ 1.55ms
  2026-07-01 12:58:02 /api/leave-requests .................................................................. ~ 0.29ms
  2026-07-01 12:58:02 /api/attendance-time-edit-requests ................................................... ~ 0.29ms
  2026-07-01 12:58:02 /api/notifications ................................................................. ~ 510.16ms
  2026-07-01 12:58:03 /api/chat/unread-summary ........................................................... ~ 510.37ms
  2026-07-01 12:59:02 /api/leave-requests .................................................................. ~ 1.37ms
  2026-07-01 12:59:02 /api/attendance-time-edit-requests ................................................... ~ 2.98ms
  2026-07-01 12:59:02 /api/notifications ................................................................... ~ 4.42ms
  2026-07-01 12:59:02 /api/chat/unread-summary ............................................................. ~ 3.61ms
  2026-07-01 13:00:02 /api/leave-requests .................................................................. ~ 1.78ms
  2026-07-01 13:00:02 /api/attendance-time-edit-requests ................................................... ~ 0.13ms
  2026-07-01 13:00:02 /api/notifications ................................................................... ~ 1.27ms
  2026-07-01 13:00:02 /api/chat/unread-summary ............................................................. ~ 1.55ms
  2026-07-01 13:01:02 /api/leave-requests .................................................................. ~ 0.64ms
  2026-07-01 13:01:02 /api/attendance-time-edit-requests ................................................... ~ 2.57ms
  2026-07-01 13:01:03 /api/notifications ................................................................. ~ 513.32ms
  2026-07-01 13:01:03 /api/chat/unread-summary ........................................................... ~ 513.46ms
  2026-07-01 13:02:02 /api/leave-requests .................................................................. ~ 1.38ms
  2026-07-01 13:02:02 /api/attendance-time-edit-requests ................................................... ~ 3.36ms
  2026-07-01 13:02:02 /api/notifications ................................................................... ~ 1.33ms
  2026-07-01 13:02:02 /api/chat/unread-summary ............................................................. ~ 1.72ms
  2026-07-01 13:03:02 /api/leave-requests .................................................................. ~ 0.40ms
  2026-07-01 13:03:02 /api/attendance-time-edit-requests ................................................. ~ 511.05ms
  2026-07-01 13:03:02 /api/notifications ................................................................. ~ 512.35ms
  2026-07-01 13:03:02 /api/chat/unread-summary ............................................................. ~ 2.26ms
  2026-07-01 13:04:02 /api/leave-requests .................................................................. ~ 0.40ms
  2026-07-01 13:04:02 /api/attendance-time-edit-requests ................................................... ~ 0.11ms
  2026-07-01 13:04:02 /api/notifications ................................................................... ~ 1.81ms
  2026-07-01 13:04:03 /api/chat/unread-summary ............................................................. ~ 1.75ms
  2026-07-01 13:05:02 /api/leave-requests .................................................................. ~ 0.27ms
  2026-07-01 13:05:02 /api/attendance-time-edit-requests ................................................... ~ 1.91ms
  2026-07-01 13:05:02 /api/notifications ................................................................... ~ 3.01ms
  2026-07-01 13:05:02 /api/chat/unread-summary ............................................................. ~ 3.15ms
  2026-07-01 13:06:02 /api/leave-requests .................................................................. ~ 0.34ms
  2026-07-01 13:06:02 /api/attendance-time-edit-requests ................................................... ~ 1.95ms
  2026-07-01 13:06:02 /api/notifications ................................................................... ~ 3.09ms
  2026-07-01 13:06:02 /api/chat/unread-summary ............................................................. ~ 4.74ms
  2026-07-01 13:07:02 /api/leave-requests .................................................................. ~ 0.97ms
  2026-07-01 13:07:02 /api/attendance-time-edit-requests ................................................... ~ 2.85ms
  2026-07-01 13:07:02 /api/notifications ................................................................... ~ 4.20ms
  2026-07-01 13:07:02 /api/chat/unread-summary ............................................................. ~ 3.26ms
  2026-07-01 13:08:02 /api/leave-requests .................................................................. ~ 0.37ms
  2026-07-01 13:08:02 /api/attendance-time-edit-requests ................................................... ~ 2.18ms
  2026-07-01 13:08:02 /api/notifications ................................................................... ~ 1.33ms
  2026-07-01 13:08:02 /api/chat/unread-summary ............................................................. ~ 2.13ms
  2026-07-01 13:09:02 /api/leave-requests .................................................................. ~ 1.12ms
  2026-07-01 13:09:02 /api/attendance-time-edit-requests ................................................... ~ 0.10ms
  2026-07-01 13:09:02 /api/notifications ................................................................... ~ 1.47ms
  2026-07-01 13:09:02 /api/chat/unread-summary ............................................................. ~ 1.89ms
  2026-07-01 13:10:02 /api/leave-requests .................................................................. ~ 1.16ms
  2026-07-01 13:10:02 /api/attendance-time-edit-requests ................................................... ~ 2.73ms
  2026-07-01 13:10:03 /api/notifications ................................................................... ~ 1.52ms
  2026-07-01 13:10:03 /api/chat/unread-summary ............................................................. ~ 2.03ms
  2026-07-01 13:11:02 /api/leave-requests .................................................................. ~ 1.17ms
  2026-07-01 13:11:02 /api/attendance-time-edit-requests ................................................... ~ 0.10ms
  2026-07-01 13:11:02 /api/notifications ................................................................... ~ 1.45ms
  2026-07-01 13:11:02 /api/chat/unread-summary ............................................................. ~ 1.96ms
  2026-07-01 13:12:02 /api/leave-requests .................................................................. ~ 1.10ms
  2026-07-01 13:12:02 /api/attendance-time-edit-requests ................................................... ~ 0.14ms
  2026-07-01 13:12:02 /api/notifications ................................................................... ~ 1.25ms
  2026-07-01 13:12:02 /api/chat/unread-summary ............................................................. ~ 1.95ms
  2026-07-01 13:13:02 /api/leave-requests .................................................................. ~ 0.99ms
  2026-07-01 13:13:02 /api/attendance-time-edit-requests ................................................... ~ 3.01ms
  2026-07-01 13:13:02 /api/notifications ................................................................... ~ 1.25ms
  2026-07-01 13:13:03 /api/chat/unread-summary ............................................................. ~ 1.71ms
  2026-07-01 13:14:02 /api/leave-requests .................................................................. ~ 0.30ms
  2026-07-01 13:14:02 /api/attendance-time-edit-requests ................................................... ~ 0.21ms
  2026-07-01 13:14:02 /api/notifications ................................................................... ~ 1.45ms
  2026-07-01 13:14:02 /api/chat/unread-summary ............................................................. ~ 1.99ms
  2026-07-01 13:15:02 /api/leave-requests .................................................................. ~ 0.26ms
  2026-07-01 13:15:02 /api/attendance-time-edit-requests ................................................... ~ 1.90ms
  2026-07-01 13:15:02 /api/notifications ................................................................... ~ 2.08ms
  2026-07-01 13:15:02 /api/chat/unread-summary ............................................................. ~ 1.68ms
  2026-07-01 13:16:02 /api/leave-requests ................................................................ ~ 512.79ms
  2026-07-01 13:16:02 /api/attendance-time-edit-requests ................................................. ~ 515.03ms
  2026-07-01 13:16:02 /api/notifications ................................................................. ~ 516.11ms
  2026-07-01 13:16:02 /api/chat/unread-summary ........................................................... ~ 517.54ms
  2026-07-01 13:17:02 /api/leave-requests .................................................................. ~ 0.30ms
  2026-07-01 13:17:02 /api/attendance-time-edit-requests ................................................... ~ 2.16ms
  2026-07-01 13:17:02 /api/notifications ................................................................... ~ 3.71ms
  2026-07-01 13:17:02 /api/chat/unread-summary ............................................................. ~ 3.59ms
  2026-07-01 13:18:02 /api/leave-requests .................................................................. ~ 1.13ms
  2026-07-01 13:18:02 /api/attendance-time-edit-requests ................................................... ~ 2.73ms
  2026-07-01 13:18:02 /api/notifications ................................................................... ~ 3.85ms
  2026-07-01 13:18:02 /api/chat/unread-summary ............................................................. ~ 5.35ms
  2026-07-01 13:19:02 /api/leave-requests .................................................................. ~ 0.33ms
  2026-07-01 13:19:03 /api/attendance-time-edit-requests ................................................... ~ 0.10ms
  2026-07-01 13:19:03 /api/notifications ................................................................... ~ 1.27ms
  2026-07-01 13:19:03 /api/chat/unread-summary ............................................................. ~ 2.40ms
  2026-07-01 13:20:02 /api/leave-requests .................................................................. ~ 1.08ms
  2026-07-01 13:20:02 /api/attendance-time-edit-requests ................................................... ~ 0.11ms
  2026-07-01 13:20:02 /api/notifications ................................................................... ~ 1.25ms
  2026-07-01 13:20:02 /api/chat/unread-summary ............................................................. ~ 1.91ms
  2026-07-01 13:21:02 /api/leave-requests ................................................................ ~ 512.62ms
  2026-07-01 13:21:02 /api/attendance-time-edit-requests ................................................... ~ 0.12ms
  2026-07-01 13:21:02 /api/notifications ................................................................... ~ 1.58ms
  2026-07-01 13:21:02 /api/chat/unread-summary ............................................................. ~ 1.95ms
  2026-07-01 13:22:02 /api/leave-requests .................................................................. ~ 0.27ms
  2026-07-01 13:22:02 /api/attendance-time-edit-requests ................................................... ~ 2.06ms
  2026-07-01 13:22:02 /api/notifications ................................................................... ~ 1.61ms
  2026-07-01 13:22:03 /api/chat/unread-summary ............................................................. ~ 1.79ms
  2026-07-01 13:23:02 /api/leave-requests .................................................................. ~ 0.30ms
  2026-07-01 13:23:02 /api/attendance-time-edit-requests ................................................. ~ 503.73ms
  2026-07-01 13:23:02 /api/notifications ................................................................. ~ 505.19ms
  2026-07-01 13:23:02 /api/chat/unread-summary ........................................................... ~ 504.71ms
  2026-07-01 13:24:02 /api/leave-requests .................................................................. ~ 1.16ms
  2026-07-01 13:24:02 /api/attendance-time-edit-requests ................................................... ~ 0.09ms
  2026-07-01 13:24:02 /api/notifications ................................................................... ~ 1.79ms
  2026-07-01 13:24:02 /api/chat/unread-summary ............................................................. ~ 1.81ms
  2026-07-01 13:25:02 /api/leave-requests ................................................................ ~ 515.44ms
  2026-07-01 13:25:02 /api/attendance-time-edit-requests ................................................... ~ 0.11ms
  2026-07-01 13:25:02 /api/notifications ................................................................... ~ 1.30ms
  2026-07-01 13:25:02 /api/chat/unread-summary ............................................................. ~ 1.91ms
  2026-07-01 13:25:03 /api/leave-requests .................................................................. ~ 1.57ms
  2026-07-01 13:25:03 /api/attendance-time-edit-requests ................................................... ~ 1.55ms
  2026-07-01 13:25:03 /api/notifications ................................................................... ~ 1.32ms
  2026-07-01 13:25:03 /api/chat/unread-summary ............................................................. ~ 2.23ms
  2026-07-01 13:26:02 /api/leave-requests .................................................................. ~ 0.29ms
  2026-07-01 13:26:02 /api/attendance-time-edit-requests ................................................... ~ 1.92ms
  2026-07-01 13:26:02 /api/notifications ................................................................... ~ 1.75ms
  2026-07-01 13:26:02 /api/chat/unread-summary ............................................................. ~ 2.02ms
  2026-07-01 13:27:02 /api/leave-requests ................................................................ ~ 501.50ms
  2026-07-01 13:27:02 /api/attendance-time-edit-requests ................................................. ~ 503.12ms
  2026-07-01 13:27:02 /api/notifications ................................................................. ~ 504.26ms
  2026-07-01 13:27:02 /api/chat/unread-summary ........................................................... ~ 506.04ms
  2026-07-01 13:28:02 /api/leave-requests .................................................................. ~ 1.02ms
  2026-07-01 13:28:02 /api/attendance-time-edit-requests ................................................... ~ 2.56ms
  2026-07-01 13:28:02 /api/notifications ................................................................... ~ 4.03ms
  2026-07-01 13:28:02 /api/chat/unread-summary ............................................................. ~ 5.64ms
  2026-07-01 13:29:02 /api/leave-requests .................................................................. ~ 0.96ms
  2026-07-01 13:29:02 /api/attendance-time-edit-requests ................................................... ~ 2.42ms
  2026-07-01 13:29:02 /api/notifications ................................................................... ~ 3.48ms
  2026-07-01 13:29:02 /api/chat/unread-summary ............................................................. ~ 5.46ms
  2026-07-01 13:30:02 /api/leave-requests .................................................................. ~ 0.80ms
  2026-07-01 13:30:02 /api/attendance-time-edit-requests ................................................... ~ 2.71ms
  2026-07-01 13:30:02 /api/notifications ................................................................... ~ 1.41ms
  2026-07-01 13:30:02 /api/chat/unread-summary ............................................................. ~ 1.57ms
  2026-07-01 13:31:02 /api/leave-requests .................................................................. ~ 1.15ms
  2026-07-01 13:31:02 /api/attendance-time-edit-requests ................................................... ~ 3.07ms
  2026-07-01 13:31:02 /api/notifications ................................................................... ~ 4.17ms
  2026-07-01 13:31:02 /api/chat/unread-summary ............................................................. ~ 3.16ms
  2026-07-01 13:32:02 /api/leave-requests .................................................................. ~ 0.49ms
  2026-07-01 13:32:02 /api/attendance-time-edit-requests ................................................... ~ 0.11ms
  2026-07-01 13:32:02 /api/notifications ................................................................... ~ 1.38ms
  2026-07-01 13:32:02 /api/chat/unread-summary ............................................................. ~ 2.05ms
  2026-07-01 13:33:02 /api/leave-requests ................................................................ ~ 514.00ms
  2026-07-01 13:33:02 /api/attendance-time-edit-requests ................................................. ~ 516.15ms
  2026-07-01 13:33:02 /api/notifications ................................................................... ~ 1.83ms
  2026-07-01 13:33:02 /api/chat/unread-summary ............................................................. ~ 1.67ms
  2026-07-01 13:34:02 /api/leave-requests .................................................................. ~ 1.07ms
  2026-07-01 13:34:02 /api/attendance-time-edit-requests ................................................... ~ 2.61ms
  2026-07-01 13:34:02 /api/notifications ................................................................... ~ 3.94ms
  2026-07-01 13:34:02 /api/chat/unread-summary ............................................................. ~ 5.95ms
  2026-07-01 13:35:02 /api/leave-requests .................................................................. ~ 0.27ms
  2026-07-01 13:35:02 /api/attendance-time-edit-requests ................................................... ~ 1.79ms
  2026-07-01 13:35:02 /api/notifications ................................................................... ~ 3.41ms
  2026-07-01 13:35:02 /api/chat/unread-summary ............................................................. ~ 4.99ms
  2026-07-01 13:36:02 /api/leave-requests .................................................................. ~ 0.32ms
  2026-07-01 13:36:02 /api/attendance-time-edit-requests ................................................... ~ 2.18ms
  2026-07-01 13:36:02 /api/notifications ................................................................... ~ 1.49ms
  2026-07-01 13:36:02 /api/chat/unread-summary ............................................................. ~ 1.51ms
  2026-07-01 13:37:02 /api/leave-requests ................................................................ ~ 514.96ms
  2026-07-01 13:37:02 /api/attendance-time-edit-requests ................................................. ~ 516.52ms
  2026-07-01 13:37:03 /api/notifications ................................................................... ~ 0.08ms
  2026-07-01 13:37:03 /api/chat/unread-summary ............................................................. ~ 1.92ms
  2026-07-01 13:38:02 /api/leave-requests .................................................................. ~ 0.98ms
  2026-07-01 13:38:02 /api/attendance-time-edit-requests ................................................... ~ 2.56ms
  2026-07-01 13:38:02 /api/notifications ................................................................... ~ 4.02ms
  2026-07-01 13:38:02 /api/chat/unread-summary ............................................................. ~ 3.29ms
  2026-07-01 13:39:02 /api/leave-requests ................................................................ ~ 517.19ms
  2026-07-01 13:39:02 /api/attendance-time-edit-requests ................................................. ~ 519.07ms
  2026-07-01 13:39:02 /api/notifications ................................................................... ~ 0.11ms
  2026-07-01 13:39:02 /api/chat/unread-summary ............................................................. ~ 1.60ms
  2026-07-01 13:40:02 /api/leave-requests .................................................................. ~ 1.01ms
  2026-07-01 13:40:02 /api/attendance-time-edit-requests ................................................... ~ 0.17ms
  2026-07-01 13:40:02 /api/notifications ................................................................... ~ 1.91ms
  2026-07-01 13:40:03 /api/chat/unread-summary ............................................................. ~ 1.80ms
  2026-07-01 13:41:02 /api/leave-requests .................................................................. ~ 1.13ms
  2026-07-01 13:41:02 /api/attendance-time-edit-requests ................................................... ~ 2.65ms
  2026-07-01 13:41:02 /api/notifications ................................................................... ~ 3.75ms
  2026-07-01 13:41:02 /api/chat/unread-summary ............................................................. ~ 5.15ms
  2026-07-01 13:42:02 /api/leave-requests .................................................................. ~ 0.27ms
  2026-07-01 13:42:02 /api/attendance-time-edit-requests ................................................... ~ 1.90ms
  2026-07-01 13:42:02 /api/notifications ................................................................... ~ 3.33ms
  2026-07-01 13:42:02 /api/chat/unread-summary ............................................................. ~ 5.01ms
  2026-07-01 13:43:02 /api/leave-requests .................................................................. ~ 0.32ms
  2026-07-01 13:43:02 /api/attendance-time-edit-requests ................................................. ~ 518.08ms
  2026-07-01 13:43:02 /api/notifications ................................................................. ~ 517.51ms
  2026-07-01 13:43:03 /api/chat/unread-summary ............................................................. ~ 2.14ms
  2026-07-01 13:44:02 /api/leave-requests .................................................................. ~ 0.93ms
  2026-07-01 13:44:02 /api/attendance-time-edit-requests ................................................... ~ 3.03ms
  2026-07-01 13:44:02 /api/notifications ................................................................... ~ 4.22ms
  2026-07-01 13:44:02 /api/chat/unread-summary ............................................................. ~ 5.76ms
  2026-07-01 13:45:02 /api/leave-requests .................................................................. ~ 1.11ms
  2026-07-01 13:45:02 /api/attendance-time-edit-requests ................................................... ~ 2.81ms
  2026-07-01 13:45:02 /api/notifications ................................................................... ~ 3.88ms
  2026-07-01 13:45:02 /api/chat/unread-summary ............................................................. ~ 5.30ms
  2026-07-01 13:46:02 /api/leave-requests .................................................................. ~ 1.01ms
  2026-07-01 13:46:02 /api/attendance-time-edit-requests ................................................... ~ 2.74ms
  2026-07-01 13:46:02 /api/notifications ................................................................... ~ 4.17ms
  2026-07-01 13:46:02 /api/chat/unread-summary ............................................................. ~ 5.80ms
  2026-07-01 13:47:02 /api/leave-requests .................................................................. ~ 0.36ms
  2026-07-01 13:47:02 /api/attendance-time-edit-requests ................................................... ~ 2.65ms
  2026-07-01 13:47:02 /api/notifications ................................................................... ~ 3.99ms
  2026-07-01 13:47:02 /api/chat/unread-summary ............................................................. ~ 3.23ms
  2026-07-01 13:48:02 /api/leave-requests .................................................................. ~ 0.96ms
  2026-07-01 13:48:02 /api/attendance-time-edit-requests ................................................... ~ 2.63ms
  2026-07-01 13:48:02 /api/notifications ................................................................... ~ 1.74ms
  2026-07-01 13:48:02 /api/chat/unread-summary ............................................................. ~ 1.72ms
  2026-07-01 13:49:02 /api/leave-requests ................................................................ ~ 501.51ms
  2026-07-01 13:49:02 /api/attendance-time-edit-requests ................................................... ~ 0.10ms
  2026-07-01 13:49:02 /api/notifications ................................................................... ~ 1.23ms
  2026-07-01 13:49:03 /api/chat/unread-summary ............................................................. ~ 1.86ms
  2026-07-01 13:50:02 /api/leave-requests .................................................................. ~ 1.18ms
  2026-07-01 13:50:02 /api/attendance-time-edit-requests ................................................... ~ 0.09ms
  2026-07-01 13:50:02 /api/notifications ................................................................... ~ 1.58ms
  2026-07-01 13:50:02 /api/chat/unread-summary ............................................................. ~ 1.70ms
  2026-07-01 13:51:02 /api/leave-requests .................................................................. ~ 1.14ms
  2026-07-01 13:51:02 /api/attendance-time-edit-requests ................................................... ~ 0.23ms
  2026-07-01 13:51:02 /api/notifications ................................................................... ~ 1.48ms
  2026-07-01 13:51:02 /api/chat/unread-summary ............................................................. ~ 1.67ms
  2026-07-01 13:52:02 /api/leave-requests .................................................................. ~ 0.37ms
  2026-07-01 13:52:02 /api/attendance-time-edit-requests ................................................... ~ 2.13ms
  2026-07-01 13:52:02 /api/notifications ................................................................. ~ 514.25ms
  2026-07-01 13:52:02 /api/chat/unread-summary ........................................................... ~ 516.26ms
  2026-07-01 13:53:02 /api/leave-requests .................................................................. ~ 1.31ms
  2026-07-01 13:53:02 /api/attendance-time-edit-requests ................................................... ~ 2.92ms
  2026-07-01 13:53:02 /api/notifications ................................................................... ~ 1.22ms
  2026-07-01 13:53:02 /api/chat/unread-summary ............................................................. ~ 1.95ms
  2026-07-01 13:54:02 /api/leave-requests .................................................................. ~ 0.33ms
  2026-07-01 13:54:02 /api/attendance-time-edit-requests ................................................... ~ 1.95ms
  2026-07-01 13:54:02 /api/notifications ................................................................... ~ 1.24ms
  2026-07-01 13:54:02 /api/chat/unread-summary ............................................................. ~ 1.74ms
  2026-07-01 13:55:02 /api/leave-requests .................................................................. ~ 1.13ms
  2026-07-01 13:55:02 /api/attendance-time-edit-requests ................................................... ~ 3.03ms
  2026-07-01 13:55:02 /api/notifications ................................................................... ~ 4.33ms
  2026-07-01 13:55:02 /api/chat/unread-summary ............................................................. ~ 6.04ms
  2026-07-01 13:56:02 /api/leave-requests .................................................................. ~ 0.25ms
  2026-07-01 13:56:02 /api/attendance-time-edit-requests ................................................. ~ 515.79ms
  2026-07-01 13:56:02 /api/notifications ................................................................. ~ 517.08ms
  2026-07-01 13:56:02 /api/chat/unread-summary ........................................................... ~ 516.73ms
  2026-07-01 13:57:02 /api/leave-requests .................................................................. ~ 1.07ms
  2026-07-01 13:57:02 /api/attendance-time-edit-requests ................................................... ~ 2.76ms
  2026-07-01 13:57:02 /api/notifications ................................................................... ~ 3.90ms
  2026-07-01 13:57:02 /api/chat/unread-summary ............................................................. ~ 5.29ms
  2026-07-01 13:58:02 /api/leave-requests .................................................................. ~ 0.36ms
  2026-07-01 13:58:02 /api/attendance-time-edit-requests ................................................. ~ 505.10ms
  2026-07-01 13:58:02 /api/notifications ................................................................. ~ 506.25ms
  2026-07-01 13:58:02 /api/chat/unread-summary ........................................................... ~ 506.49ms
  2026-07-01 13:59:02 /api/leave-requests .................................................................. ~ 1.08ms
  2026-07-01 13:59:02 /api/attendance-time-edit-requests ................................................... ~ 3.28ms
  2026-07-01 13:59:02 /api/notifications ................................................................... ~ 1.21ms
  2026-07-01 13:59:02 /api/chat/unread-summary ............................................................. ~ 1.68ms
  2026-07-01 14:00:02 /api/leave-requests .................................................................. ~ 0.27ms
  2026-07-01 14:00:02 /api/attendance-time-edit-requests ................................................. ~ 515.66ms
  2026-07-01 14:00:02 /api/notifications ................................................................. ~ 515.01ms
  2026-07-01 14:00:02 /api/chat/unread-summary ............................................................. ~ 1.71ms
  2026-07-01 14:01:02 /api/leave-requests .................................................................. ~ 1.18ms
  2026-07-01 14:01:02 /api/attendance-time-edit-requests ................................................... ~ 2.76ms
  2026-07-01 14:01:02 /api/notifications ................................................................... ~ 3.85ms
  2026-07-01 14:01:02 /api/chat/unread-summary ............................................................. ~ 3.02ms
  2026-07-01 14:02:02 /api/leave-requests .................................................................. ~ 0.96ms
  2026-07-01 14:02:02 /api/attendance-time-edit-requests ................................................... ~ 0.12ms
  2026-07-01 14:02:02 /api/notifications ................................................................... ~ 1.45ms
  2026-07-01 14:02:02 /api/chat/unread-summary ............................................................. ~ 1.67ms
  2026-07-01 14:03:02 /api/leave-requests .................................................................. ~ 1.14ms
  2026-07-01 14:03:02 /api/attendance-time-edit-requests ................................................... ~ 2.66ms
  2026-07-01 14:03:02 /api/notifications ................................................................... ~ 1.52ms
  2026-07-01 14:03:02 /api/chat/unread-summary ............................................................. ~ 2.06ms
  2026-07-01 14:04:02 /api/leave-requests .................................................................. ~ 0.36ms
  2026-07-01 14:04:02 /api/attendance-time-edit-requests ................................................. ~ 511.81ms
  2026-07-01 14:04:02 /api/notifications ................................................................. ~ 513.00ms
  2026-07-01 14:04:03 /api/chat/unread-summary ............................................................. ~ 2.13ms
  2026-07-01 14:04:40 /api/leave-requests .................................................................. ~ 1.22ms
  2026-07-01 14:04:40 /api/attendance-time-edit-requests .................................................. ~ 23.62ms
  2026-07-01 14:04:40 /api/notifications ................................................................... ~ 4.67ms
  2026-07-01 14:04:40 /api/chat/unread-summary ............................................................. ~ 4.65ms
  2026-07-01 14:04:42 /api/auth/me ......................................................................... ~ 0.26ms
  2026-07-01 14:04:42 /api/auth/me ......................................................................... ~ 0.15ms
  2026-07-01 14:04:42 /api/auth/me ......................................................................... ~ 2.20ms
  2026-07-01 14:04:43 /api/auth/me ......................................................................... ~ 0.12ms
  2026-07-01 14:04:43 /api/payroll/pay-groups/3/employees .................................................. ~ 0.10ms
  2026-07-01 14:04:43 /api/leave-requests .................................................................. ~ 0.20ms
  2026-07-01 14:04:43 /api/attendance-time-edit-requests ................................................... ~ 2.21ms
  2026-07-01 14:04:43 /api/notifications ................................................................... ~ 2.13ms
  2026-07-01 14:04:43 /api/chat/unread-summary ............................................................. ~ 1.99ms
  2026-07-01 14:04:43 /api/users ........................................................................... ~ 2.12ms
  2026-07-01 14:04:43 /api/users ........................................................................... ~ 2.35ms
  2026-07-01 14:04:43 /api/payroll/pay-groups/3/employees ................................................ ~ 519.62ms
  2026-07-01 14:04:43 /api/leave-requests ................................................................ ~ 517.97ms
  2026-07-01 14:04:43 /api/attendance-time-edit-requests ................................................... ~ 1.61ms
  2026-07-01 14:04:43 /api/notifications ................................................................... ~ 1.79ms
  2026-07-01 14:04:43 /api/chat/unread-summary ............................................................. ~ 1.73ms
  2026-07-01 14:04:43 /api/users ........................................................................... ~ 2.02ms
  2026-07-01 14:04:43 /api/users ........................................................................... ~ 0.17ms
  2026-07-01 14:04:51 /api/leave-requests .................................................................. ~ 1.93ms
  2026-07-01 14:04:51 /api/attendance-time-edit-requests ................................................... ~ 4.87ms
  2026-07-01 14:04:51 /api/notifications ................................................................... ~ 6.22ms
  2026-07-01 14:04:51 /api/chat/unread-summary ............................................................. ~ 3.42ms
  2026-07-01 14:04:59 /api/leave-requests .................................................................. ~ 0.23ms
  2026-07-01 14:04:59 /api/attendance-time-edit-requests ................................................. ~ 512.81ms
  2026-07-01 14:04:59 /api/notifications ................................................................. ~ 513.47ms
  2026-07-01 14:04:59 /api/chat/unread-summary ............................................................. ~ 4.74ms
  2026-07-01 14:05:07 /api/leave-requests .................................................................. ~ 1.57ms
  2026-07-01 14:05:07 /api/attendance-time-edit-requests ................................................... ~ 5.21ms
  2026-07-01 14:05:07 /api/notifications ................................................................... ~ 6.52ms
  2026-07-01 14:05:07 /api/chat/unread-summary ............................................................. ~ 2.96ms
  2026-07-01 14:05:15 /api/leave-requests .................................................................. ~ 1.44ms
  2026-07-01 14:05:15 /api/attendance-time-edit-requests ................................................... ~ 6.50ms
  2026-07-01 14:05:15 /api/notifications ................................................................... ~ 8.75ms
  2026-07-01 14:05:15 /api/chat/unread-summary ............................................................. ~ 5.59ms
  2026-07-01 14:05:23 /api/leave-requests .................................................................. ~ 0.66ms
  2026-07-01 14:05:23 /api/attendance-time-edit-requests ................................................... ~ 2.36ms
  2026-07-01 14:05:23 /api/notifications ................................................................. ~ 518.08ms
  2026-07-01 14:05:23 /api/chat/unread-summary ........................................................... ~ 520.04ms
  2026-07-01 14:05:31 /api/leave-requests .................................................................. ~ 1.83ms
  2026-07-01 14:05:31 /api/attendance-time-edit-requests ................................................... ~ 0.13ms
  2026-07-01 14:05:31 /api/notifications ................................................................... ~ 2.85ms
  2026-07-01 14:05:31 /api/chat/unread-summary ............................................................. ~ 2.65ms
  2026-07-01 14:05:39 /api/leave-requests .................................................................. ~ 0.47ms
  2026-07-01 14:05:39 /api/chat/unread-summary ............................................................. ~ 0.11ms
  2026-07-01 14:05:39 /api/notifications ................................................................. ~ 513.62ms
  2026-07-01 14:05:39 /api/attendance-time-edit-requests ................................................. ~ 514.23ms
  2026-07-01 14:05:44 /api/payroll/arrears ............................................................... ~ 516.78ms
  2026-07-01 14:05:44 /api/payroll/employees ............................................................. ~ 518.39ms
  2026-07-01 14:05:44 /api/payroll/arrears ................................................................. ~ 1.87ms
  2026-07-01 14:05:44 /api/payroll/employees ............................................................... ~ 0.61ms
  2026-07-01 14:05:47 /api/leave-requests .................................................................. ~ 0.48ms
  2026-07-01 14:05:47 /api/attendance-time-edit-requests ................................................... ~ 0.13ms
  2026-07-01 14:05:47 /api/notifications ................................................................. ~ 514.47ms
  2026-07-01 14:05:47 /api/chat/unread-summary ........................................................... ~ 514.58ms
  2026-07-01 14:05:55 /api/leave-requests .................................................................. ~ 1.16ms
  2026-07-01 14:05:55 /api/attendance-time-edit-requests ................................................... ~ 3.42ms
  2026-07-01 14:05:55 /api/notifications ................................................................... ~ 1.49ms
  2026-07-01 14:05:55 /api/chat/unread-summary ............................................................. ~ 1.87ms
  2026-07-01 14:06:03 /api/leave-requests ................................................................ ~ 504.30ms
  2026-07-01 14:06:03 /api/attendance-time-edit-requests ................................................. ~ 505.77ms
  2026-07-01 14:06:03 /api/notifications ................................................................. ~ 507.56ms
  2026-07-01 14:06:04 /api/chat/unread-summary ............................................................. ~ 3.35ms
  2026-07-01 14:06:11 /api/leave-requests .................................................................. ~ 1.17ms
  2026-07-01 14:06:11 /api/attendance-time-edit-requests ................................................... ~ 2.65ms
  2026-07-01 14:06:11 /api/notifications ................................................................... ~ 3.77ms
  2026-07-01 14:06:11 /api/chat/unread-summary ............................................................. ~ 3.59ms
  2026-07-01 14:06:19 /api/leave-requests .................................................................. ~ 1.23ms
  2026-07-01 14:06:19 /api/attendance-time-edit-requests ................................................... ~ 3.41ms
  2026-07-01 14:06:19 /api/notifications ................................................................... ~ 1.38ms
  2026-07-01 14:06:19 /api/chat/unread-summary ............................................................. ~ 1.81ms
  2026-07-01 14:06:27 /api/leave-requests ................................................................ ~ 516.37ms
  2026-07-01 14:06:27 /api/attendance-time-edit-requests ................................................. ~ 518.46ms
  2026-07-01 14:06:27 /api/notifications ................................................................. ~ 519.64ms
  2026-07-01 14:06:27 /api/chat/unread-summary ............................................................. ~ 3.38ms
  2026-07-01 14:06:35 /api/leave-requests .................................................................. ~ 0.27ms
  2026-07-01 14:06:35 /api/attendance-time-edit-requests ................................................... ~ 1.94ms
  2026-07-01 14:06:35 /api/notifications ................................................................... ~ 1.44ms
  2026-07-01 14:06:35 /api/chat/unread-summary ............................................................. ~ 1.91ms
  2026-07-01 14:06:43 /api/leave-requests .................................................................. ~ 1.16ms
  2026-07-01 14:06:43 /api/attendance-time-edit-requests ................................................... ~ 2.72ms
  2026-07-01 14:06:43 /api/notifications ................................................................... ~ 3.99ms
  2026-07-01 14:06:43 /api/chat/unread-summary ............................................................. ~ 3.39ms
  2026-07-01 14:06:51 /api/leave-requests .................................................................. ~ 1.26ms
  2026-07-01 14:06:51 /api/attendance-time-edit-requests ................................................... ~ 3.90ms
  2026-07-01 14:06:51 /api/notifications ................................................................... ~ 5.20ms
  2026-07-01 14:06:51 /api/chat/unread-summary ............................................................. ~ 3.15ms
  2026-07-01 14:07:02 /api/leave-requests .................................................................. ~ 1.45ms
  2026-07-01 14:07:02 /api/attendance-time-edit-requests ................................................... ~ 0.14ms
  2026-07-01 14:07:02 /api/notifications ................................................................... ~ 1.31ms
  2026-07-01 14:07:02 /api/chat/unread-summary ............................................................. ~ 1.64ms
  2026-07-01 14:08:02 /api/leave-requests ................................................................ ~ 501.24ms
  2026-07-01 14:08:02 /api/attendance-time-edit-requests ................................................. ~ 502.90ms
  2026-07-01 14:08:02 /api/notifications ................................................................. ~ 504.71ms
  2026-07-01 14:08:02 /api/chat/unread-summary ........................................................... ~ 506.14ms
  2026-07-01 14:09:02 /api/leave-requests .................................................................. ~ 1.08ms
  2026-07-01 14:09:02 /api/attendance-time-edit-requests ................................................... ~ 2.62ms
  2026-07-01 14:09:02 /api/notifications ................................................................... ~ 1.30ms
  2026-07-01 14:09:03 /api/chat/unread-summary ............................................................. ~ 2.36ms
  2026-07-01 14:10:02 /api/leave-requests .................................................................. ~ 0.98ms
  2026-07-01 14:10:02 /api/attendance-time-edit-requests ................................................... ~ 0.10ms
  2026-07-01 14:10:02 /api/notifications ................................................................... ~ 1.36ms
  2026-07-01 14:10:02 /api/chat/unread-summary ............................................................. ~ 1.73ms
  2026-07-01 14:11:02 /api/leave-requests .................................................................. ~ 1.06ms
  2026-07-01 14:11:02 /api/attendance-time-edit-requests ................................................... ~ 2.70ms
  2026-07-01 14:11:02 /api/notifications ................................................................... ~ 1.14ms
  2026-07-01 14:11:02 /api/chat/unread-summary ............................................................. ~ 2.02ms
  2026-07-01 14:12:02 /api/leave-requests ................................................................ ~ 514.93ms
  2026-07-01 14:12:02 /api/attendance-time-edit-requests ................................................. ~ 516.42ms
  2026-07-01 14:12:02 /api/notifications ................................................................... ~ 1.38ms
  2026-07-01 14:12:03 /api/chat/unread-summary ............................................................. ~ 2.19ms
  2026-07-01 14:13:02 /api/leave-requests .................................................................. ~ 0.34ms
  2026-07-01 14:13:02 /api/attendance-time-edit-requests ................................................... ~ 0.09ms
  2026-07-01 14:13:02 /api/notifications ................................................................... ~ 1.65ms
  2026-07-01 14:13:02 /api/chat/unread-summary ............................................................. ~ 1.70ms
  2026-07-01 14:14:02 /api/leave-requests .................................................................. ~ 1.25ms
  2026-07-01 14:14:02 /api/attendance-time-edit-requests ................................................... ~ 0.09ms
  2026-07-01 14:14:02 /api/notifications ................................................................... ~ 1.22ms
  2026-07-01 14:14:02 /api/chat/unread-summary ............................................................. ~ 2.09ms
  2026-07-01 14:15:02 /api/leave-requests .................................................................. ~ 1.01ms
  2026-07-01 14:15:02 /api/attendance-time-edit-requests ................................................... ~ 2.52ms
  2026-07-01 14:15:02 /api/notifications ................................................................... ~ 1.15ms
  2026-07-01 14:15:03 /api/chat/unread-summary ............................................................. ~ 2.08ms
  2026-07-01 14:16:02 /api/leave-requests .................................................................. ~ 0.87ms
  2026-07-01 14:16:02 /api/attendance-time-edit-requests ................................................... ~ 2.99ms
  2026-07-01 14:16:02 /api/notifications ................................................................... ~ 4.15ms
  2026-07-01 14:16:02 /api/chat/unread-summary ............................................................. ~ 5.68ms
  2026-07-01 14:17:02 /api/leave-requests .................................................................. ~ 0.68ms
  2026-07-01 14:17:02 /api/attendance-time-edit-requests ................................................... ~ 2.35ms
  2026-07-01 14:17:02 /api/notifications ................................................................... ~ 3.50ms
  2026-07-01 14:17:02 /api/chat/unread-summary ............................................................. ~ 5.00ms
  2026-07-01 14:18:02 /api/leave-requests .................................................................. ~ 1.36ms
  2026-07-01 14:18:02 /api/attendance-time-edit-requests ................................................... ~ 3.09ms
  2026-07-01 14:18:03 /api/notifications ................................................................... ~ 1.51ms
  2026-07-01 14:18:03 /api/chat/unread-summary ............................................................. ~ 2.15ms
  2026-07-01 14:19:02 /api/leave-requests ................................................................ ~ 513.93ms
  2026-07-01 14:19:02 /api/attendance-time-edit-requests ................................................. ~ 515.74ms
  2026-07-01 14:19:02 /api/notifications ................................................................... ~ 1.61ms
  2026-07-01 14:19:02 /api/chat/unread-summary ............................................................. ~ 1.61ms
  2026-07-01 14:19:08 /api/leave-requests .................................................................. ~ 1.21ms
  2026-07-01 14:19:08 /api/attendance-time-edit-requests ................................................... ~ 0.10ms
  2026-07-01 14:19:08 /api/notifications ................................................................... ~ 2.91ms
  2026-07-01 14:19:08 /api/chat/unread-summary ............................................................. ~ 2.62ms
  2026-07-01 14:19:15 /api/leave-requests .................................................................. ~ 0.28ms
  2026-07-01 14:19:15 /api/attendance-time-edit-requests ................................................... ~ 2.19ms
  2026-07-01 14:19:15 /api/notifications ................................................................... ~ 1.77ms
  2026-07-01 14:19:15 /api/chat/unread-summary ............................................................. ~ 1.73ms
  2026-07-01 14:19:23 /api/leave-requests .................................................................. ~ 1.21ms
  2026-07-01 14:19:23 /api/attendance-time-edit-requests ................................................... ~ 4.94ms
  2026-07-01 14:19:23 /api/notifications ................................................................... ~ 7.67ms
  2026-07-01 14:19:23 /api/chat/unread-summary ............................................................. ~ 4.87ms
  2026-07-01 14:19:31 /api/leave-requests .................................................................. ~ 0.23ms
  2026-07-01 14:19:31 /api/attendance-time-edit-requests ................................................... ~ 2.20ms
  2026-07-01 14:19:31 /api/notifications ................................................................. ~ 511.52ms
  2026-07-01 14:19:31 /api/chat/unread-summary ........................................................... ~ 520.43ms
  2026-07-01 14:19:39 /api/leave-requests .................................................................. ~ 1.64ms
  2026-07-01 14:19:39 /api/attendance-time-edit-requests ................................................... ~ 5.96ms
  2026-07-01 14:19:39 /api/notifications ................................................................... ~ 9.77ms
  2026-07-01 14:19:39 /api/chat/unread-summary ............................................................ ~ 11.39ms
  2026-07-01 14:19:47 /api/leave-requests .................................................................. ~ 1.17ms
  2026-07-01 14:19:47 /api/attendance-time-edit-requests ................................................... ~ 4.48ms
  2026-07-01 14:19:47 /api/notifications ................................................................... ~ 1.50ms
  2026-07-01 14:19:47 /api/chat/unread-summary ............................................................. ~ 4.13ms
  2026-07-01 14:19:55 /api/leave-requests .................................................................. ~ 0.42ms
  2026-07-01 14:19:55 /api/attendance-time-edit-requests ................................................. ~ 515.26ms
  2026-07-01 14:19:55 /api/notifications ................................................................. ~ 514.23ms
  2026-07-01 14:19:56 /api/chat/unread-summary ............................................................. ~ 1.86ms
  2026-07-01 14:20:03 /api/leave-requests .................................................................. ~ 0.96ms
  2026-07-01 14:20:03 /api/attendance-time-edit-requests ................................................... ~ 2.64ms
  2026-07-01 14:20:03 /api/notifications ................................................................... ~ 3.72ms
  2026-07-01 14:20:03 /api/chat/unread-summary ............................................................. ~ 5.74ms
  2026-07-01 14:21:02 /api/leave-requests ................................................................ ~ 510.47ms
  2026-07-01 14:21:02 /api/attendance-time-edit-requests ................................................. ~ 512.05ms
  2026-07-01 14:21:02 /api/notifications ................................................................. ~ 513.15ms
  2026-07-01 14:21:02 /api/chat/unread-summary ............................................................. ~ 3.75ms
  2026-07-01 14:22:02 /api/leave-requests .................................................................. ~ 0.28ms
  2026-07-01 14:22:02 /api/attendance-time-edit-requests ................................................... ~ 2.06ms
  2026-07-01 14:22:02 /api/notifications ................................................................... ~ 3.64ms
  2026-07-01 14:22:02 /api/chat/unread-summary ........................................................... ~ 518.94ms
  2026-07-01 14:22:38 /api/leave-requests ................................................................ ~ 514.46ms
  2026-07-01 14:22:38 /api/attendance-time-edit-requests ................................................... ~ 0.10ms
  2026-07-01 14:22:38 /api/notifications ................................................................... ~ 1.64ms
  2026-07-01 14:22:38 /api/chat/unread-summary ............................................................. ~ 2.45ms
  2026-07-01 14:22:43 /api/leave-requests .................................................................. ~ 1.12ms
  2026-07-01 14:22:43 /api/attendance-time-edit-requests ................................................... ~ 3.04ms
  2026-07-01 14:22:43 /api/notifications ................................................................... ~ 0.09ms
  2026-07-01 14:22:43 /api/chat/unread-summary ............................................................. ~ 1.82ms
  2026-07-01 14:22:51 /api/leave-requests .................................................................. ~ 0.75ms
  2026-07-01 14:22:51 /api/attendance-time-edit-requests ................................................. ~ 516.35ms
  2026-07-01 14:22:51 /api/notifications ................................................................. ~ 514.92ms
  2026-07-01 14:22:51 /api/chat/unread-summary ............................................................. ~ 3.86ms
  2026-07-01 14:22:59 /api/leave-requests .................................................................. ~ 0.32ms
  2026-07-01 14:22:59 /api/attendance-time-edit-requests ................................................... ~ 3.63ms
  2026-07-01 14:22:59 /api/notifications ................................................................... ~ 2.42ms
  2026-07-01 14:22:59 /api/chat/unread-summary ............................................................. ~ 1.72ms
  2026-07-01 14:23:07 /api/leave-requests .................................................................. ~ 0.30ms
  2026-07-01 14:23:07 /api/attendance-time-edit-requests ................................................... ~ 2.22ms
  2026-07-01 14:23:07 /api/notifications ................................................................... ~ 3.38ms
  2026-07-01 14:23:07 /api/chat/unread-summary ............................................................. ~ 5.31ms
  2026-07-01 14:23:15 /api/leave-requests .................................................................. ~ 0.32ms
  2026-07-01 14:23:15 /api/attendance-time-edit-requests ................................................. ~ 515.18ms
  2026-07-01 14:23:15 /api/chat/unread-summary ........................................................... ~ 515.91ms
  2026-07-01 14:23:15 /api/notifications ................................................................... ~ 3.03ms
  2026-07-01 14:23:23 /api/leave-requests .................................................................. ~ 1.02ms
  2026-07-01 14:23:23 /api/attendance-time-edit-requests ................................................... ~ 2.75ms
  2026-07-01 14:23:23 /api/notifications ................................................................... ~ 3.86ms
  2026-07-01 14:23:23 /api/chat/unread-summary ............................................................. ~ 5.70ms
  2026-07-01 14:23:31 /api/leave-requests .................................................................. ~ 0.30ms
  2026-07-01 14:23:31 /api/attendance-time-edit-requests ................................................... ~ 2.41ms
  2026-07-01 14:23:31 /api/notifications ................................................................... ~ 3.47ms
  2026-07-01 14:23:31 /api/chat/unread-summary ............................................................. ~ 2.81ms
  2026-07-01 14:24:02 /api/leave-requests .................................................................. ~ 0.52ms
  2026-07-01 14:24:02 /api/attendance-time-edit-requests ................................................. ~ 514.33ms
  2026-07-01 14:24:02 /api/notifications ................................................................. ~ 515.99ms
  2026-07-01 14:24:02 /api/chat/unread-summary ........................................................... ~ 517.63ms
  2026-07-01 14:25:02 /api/leave-requests .................................................................. ~ 1.29ms
  2026-07-01 14:25:02 /api/attendance-time-edit-requests ................................................... ~ 2.94ms
  2026-07-01 14:25:03 /api/notifications ................................................................... ~ 1.24ms
  2026-07-01 14:25:03 /api/chat/unread-summary ............................................................. ~ 1.49ms
  2026-07-01 14:26:02 /api/leave-requests ................................................................ ~ 514.42ms
  2026-07-01 14:26:02 /api/attendance-time-edit-requests ................................................... ~ 0.18ms
  2026-07-01 14:26:02 /api/notifications ................................................................... ~ 1.43ms
  2026-07-01 14:26:02 /api/chat/unread-summary ............................................................. ~ 2.46ms
  2026-07-01 14:26:02 /api/leave-requests .................................................................. ~ 1.86ms
  2026-07-01 14:26:02 /api/attendance-time-edit-requests ................................................... ~ 1.56ms
  2026-07-01 14:26:03 /api/notifications ................................................................... ~ 1.20ms
  2026-07-01 14:26:03 /api/chat/unread-summary ............................................................. ~ 2.00ms
  2026-07-01 14:27:02 /api/leave-requests .................................................................. ~ 1.07ms
  2026-07-01 14:27:02 /api/attendance-time-edit-requests ................................................... ~ 3.54ms
  2026-07-01 14:27:02 /api/notifications ................................................................... ~ 7.12ms
  2026-07-01 14:27:03 /api/chat/unread-summary ............................................................. ~ 0.31ms
  2026-07-01 14:28:02 /api/leave-requests ................................................................ ~ 513.37ms
  2026-07-01 14:28:02 /api/attendance-time-edit-requests ................................................. ~ 515.60ms
  2026-07-01 14:28:02 /api/notifications ................................................................... ~ 1.22ms
  2026-07-01 14:28:03 /api/chat/unread-summary ............................................................. ~ 1.64ms
  2026-07-01 14:29:02 /api/leave-requests .................................................................. ~ 0.31ms
  2026-07-01 14:29:02 /api/attendance-time-edit-requests ................................................... ~ 0.15ms
  2026-07-01 14:29:02 /api/notifications ................................................................... ~ 1.53ms
  2026-07-01 14:29:02 /api/chat/unread-summary ............................................................. ~ 1.84ms
  2026-07-01 14:30:02 /api/leave-requests .................................................................. ~ 1.13ms
  2026-07-01 14:30:02 /api/attendance-time-edit-requests ................................................... ~ 2.71ms
  2026-07-01 14:30:02 /api/notifications ................................................................... ~ 1.15ms
  2026-07-01 14:30:02 /api/chat/unread-summary ............................................................. ~ 2.16ms
  2026-07-01 14:31:02 /api/leave-requests .................................................................. ~ 0.41ms
  2026-07-01 14:31:02 /api/attendance-time-edit-requests ................................................... ~ 2.04ms
  2026-07-01 14:31:02 /api/notifications ................................................................... ~ 3.12ms
  2026-07-01 14:31:02 /api/chat/unread-summary ............................................................. ~ 2.64ms
  2026-07-01 14:32:02 /api/leave-requests .................................................................. ~ 0.94ms
  2026-07-01 14:32:02 /api/attendance-time-edit-requests ................................................... ~ 2.69ms
  2026-07-01 14:32:02 /api/notifications ................................................................... ~ 3.85ms
  2026-07-01 14:32:02 /api/chat/unread-summary ............................................................. ~ 3.11ms
  2026-07-01 14:33:02 /api/leave-requests .................................................................. ~ 0.35ms
  2026-07-01 14:33:02 /api/attendance-time-edit-requests ................................................... ~ 2.13ms
  2026-07-01 14:33:02 /api/notifications ................................................................... ~ 3.60ms
  2026-07-01 14:33:02 /api/chat/unread-summary ............................................................. ~ 5.20ms
  2026-07-01 14:34:02 /api/leave-requests .................................................................. ~ 1.43ms
  2026-07-01 14:34:02 /api/attendance-time-edit-requests ................................................... ~ 0.09ms
  2026-07-01 14:34:02 /api/notifications ................................................................... ~ 1.54ms
  2026-07-01 14:34:03 /api/chat/unread-summary ............................................................. ~ 2.34ms
  2026-07-01 14:35:02 /api/leave-requests .................................................................. ~ 0.35ms
  2026-07-01 14:35:02 /api/attendance-time-edit-requests ................................................. ~ 512.07ms
  2026-07-01 14:35:02 /api/notifications ................................................................. ~ 513.84ms
  2026-07-01 14:35:02 /api/chat/unread-summary ............................................................. ~ 2.05ms
  2026-07-01 14:35:34 /api/leave-requests .................................................................. ~ 0.69ms
  2026-07-01 14:35:34 /api/attendance-time-edit-requests ................................................... ~ 2.85ms
  2026-07-01 14:35:35 /api/notifications ................................................................... ~ 1.52ms
  2026-07-01 14:35:35 /api/chat/unread-summary ............................................................. ~ 1.97ms
  2026-07-01 14:35:35 /api/users ........................................................................... ~ 2.19ms
  2026-07-01 14:35:35 /api/leave-requests .................................................................. ~ 0.32ms
  2026-07-01 14:35:35 /api/resignations .................................................................... ~ 0.11ms
  2026-07-01 14:35:35 /api/users ........................................................................... ~ 2.20ms
  2026-07-01 14:35:35 /api/attendance-time-edit-requests ................................................... ~ 2.38ms
  2026-07-01 14:35:35 /api/attendance/summary .............................................................. ~ 1.25ms
  2026-07-01 14:35:35 /api/leave-requests .................................................................. ~ 1.62ms
  2026-07-01 14:35:35 /api/reports/overall ................................................................. ~ 2.28ms
  2026-07-01 14:35:35 /api/tasks ........................................................................... ~ 1.68ms
  2026-07-01 14:35:35 /api/leave-requests .................................................................. ~ 2.23ms
  2026-07-01 14:35:35 /api/projects ........................................................................ ~ 2.58ms
  2026-07-01 14:35:35 /api/resignations .................................................................... ~ 1.93ms
  2026-07-01 14:35:35 /api/notifications ................................................................. ~ 511.35ms
  2026-07-01 14:35:35 /api/users ......................................................................... ~ 511.80ms
  2026-07-01 14:35:35 /api/report-groups ................................................................... ~ 1.77ms
  2026-07-01 14:35:35 /api/attendance/summary .............................................................. ~ 2.01ms
  2026-07-01 14:35:35 /api/audit-logs ...................................................................... ~ 2.13ms
  2026-07-01 14:35:35 /api/leave-requests .................................................................. ~ 1.76ms
  2026-07-01 14:35:35 /api/attendance/calendar ............................................................. ~ 1.51ms
  2026-07-01 14:35:35 /api/reports/overall ................................................................. ~ 1.81ms
  2026-07-01 14:35:35 /api/tasks ........................................................................... ~ 2.14ms
  2026-07-01 14:35:35 /api/projects ........................................................................ ~ 1.84ms
  2026-07-01 14:35:35 /api/notifications ................................................................... ~ 2.17ms
  2026-07-01 14:35:35 /api/report-groups ................................................................... ~ 2.31ms
  2026-07-01 14:35:35 /api/audit-logs ...................................................................... ~ 1.67ms
  2026-07-01 14:35:36 /api/attendance/calendar ............................................................. ~ 1.81ms
  2026-07-01 14:35:43 /api/leave-requests .................................................................. ~ 0.36ms
  2026-07-01 14:35:43 /api/attendance-time-edit-requests ................................................... ~ 2.34ms
  2026-07-01 14:35:43 /api/notifications ................................................................... ~ 1.36ms
  2026-07-01 14:35:43 /api/chat/unread-summary ............................................................. ~ 2.01ms
  2026-07-01 14:35:51 /api/leave-requests ................................................................ ~ 515.37ms
  2026-07-01 14:35:51 /api/attendance-time-edit-requests ................................................. ~ 517.20ms
  2026-07-01 14:35:51 /api/notifications ................................................................. ~ 518.90ms
  2026-07-01 14:35:51 /api/chat/unread-summary ........................................................... ~ 520.77ms
  2026-07-01 14:35:59 /api/leave-requests .................................................................. ~ 0.30ms
  2026-07-01 14:35:59 /api/attendance-time-edit-requests ................................................... ~ 2.99ms
  2026-07-01 14:35:59 /api/notifications ................................................................... ~ 1.68ms
  2026-07-01 14:35:59 /api/chat/unread-summary ............................................................. ~ 1.73ms
  2026-07-01 14:36:07 /api/leave-requests .................................................................. ~ 1.13ms
  2026-07-01 14:36:07 /api/attendance-time-edit-requests ................................................... ~ 2.83ms
  2026-07-01 14:36:07 /api/notifications ................................................................... ~ 1.17ms
  2026-07-01 14:36:08 /api/chat/unread-summary ............................................................. ~ 2.40ms
  2026-07-01 14:36:15 /api/leave-requests ................................................................ ~ 503.90ms
  2026-07-01 14:36:15 /api/attendance-time-edit-requests ................................................... ~ 0.27ms
  2026-07-01 14:36:15 /api/notifications ................................................................... ~ 2.24ms
  2026-07-01 14:36:16 /api/chat/unread-summary ............................................................. ~ 3.18ms
  2026-07-01 14:36:19 /api/task-labels ..................................................................... ~ 0.58ms
  2026-07-01 14:36:19 /api/projects ........................................................................ ~ 6.48ms
  2026-07-01 14:36:19 /api/roles ........................................................................... ~ 1.07ms
  2026-07-01 14:36:19 /api/projects ........................................................................ ~ 0.26ms
  2026-07-01 14:36:19 /api/me/team-hierarchy ............................................................... ~ 3.86ms
  2026-07-01 14:36:19 /api/groups .......................................................................... ~ 3.41ms
  2026-07-01 14:36:19 /api/me/team-hierarchy ............................................................... ~ 5.12ms
  2026-07-01 14:36:19 /api/roles ........................................................................... ~ 3.29ms
  2026-07-01 14:36:19 /api/me/team-hierarchy ............................................................... ~ 6.51ms
  2026-07-01 14:36:19 /api/me/team-hierarchy ............................................................... ~ 2.89ms
  2026-07-01 14:36:20 /api/me/team-hierarchy ............................................................. ~ 517.81ms
  2026-07-01 14:36:20 /api/task-labels ..................................................................... ~ 0.21ms
  2026-07-01 14:36:20 /api/projects ........................................................................ ~ 2.72ms
  2026-07-01 14:36:20 /api/attendance-time-edit-requests ................................................... ~ 1.21ms
  2026-07-01 14:36:20 /api/resignations .................................................................... ~ 2.97ms
  2026-07-01 14:36:20 /api/projects ........................................................................ ~ 5.40ms
  2026-07-01 14:36:20 /api/roles ........................................................................... ~ 0.12ms
  2026-07-01 14:36:20 /api/roles ........................................................................... ~ 0.20ms
  2026-07-01 14:36:20 /api/resignations .................................................................... ~ 0.11ms
  2026-07-01 14:36:20 /api/attendance-time-edit-requests ................................................... ~ 2.74ms
  2026-07-01 14:36:20 /api/projects ........................................................................ ~ 4.67ms
  2026-07-01 14:36:20 /api/attendance-time-edit-requests ................................................... ~ 4.47ms
  2026-07-01 14:36:20 /api/resignations .................................................................... ~ 1.93ms
  2026-07-01 14:36:21 /api/projects ........................................................................ ~ 2.17ms
  2026-07-01 14:36:21 /api/me/team-hierarchy ............................................................... ~ 1.99ms
  2026-07-01 14:36:21 /api/projects ........................................................................ ~ 0.17ms
  2026-07-01 14:36:21 /api/projects ........................................................................ ~ 1.30ms
  2026-07-01 14:36:21 /api/task-labels ..................................................................... ~ 0.23ms
  2026-07-01 14:36:21 /api/projects ........................................................................ ~ 1.99ms
  2026-07-01 14:36:21 /api/projects ........................................................................ ~ 0.19ms
  2026-07-01 14:36:21 /api/projects ........................................................................ ~ 0.10ms
  2026-07-01 14:36:21 /api/projects ........................................................................ ~ 0.07ms
  2026-07-01 14:36:21 /api/projects ........................................................................ ~ 0.20ms
  2026-07-01 14:36:21 /api/projects ........................................................................ ~ 0.14ms
  2026-07-01 14:36:21 /api/projects ........................................................................ ~ 0.14ms
  2026-07-01 14:36:21 /api/projects ........................................................................ ~ 0.22ms
  2026-07-01 14:36:21 /api/projects ........................................................................ ~ 0.10ms
  2026-07-01 14:36:21 /api/attendance-time-edit-requests ................................................... ~ 0.38ms
  2026-07-01 14:36:21 /api/resignations .................................................................... ~ 2.25ms
  2026-07-01 14:36:21 /api/projects ........................................................................ ~ 4.42ms
  2026-07-01 14:36:22 /api/me/team-hierarchy ............................................................... ~ 0.11ms
  2026-07-01 14:36:22 /api/task-labels ..................................................................... ~ 0.44ms
  2026-07-01 14:36:22 /api/projects ........................................................................ ~ 2.46ms
  2026-07-01 14:36:23 /api/attendance-time-edit-requests ................................................... ~ 1.02ms
  2026-07-01 14:36:23 /api/resignations .................................................................... ~ 2.98ms
  2026-07-01 14:36:23 /api/projects ........................................................................ ~ 4.87ms
  2026-07-01 14:36:23 /api/projects ........................................................................ ~ 3.90ms
  2026-07-01 14:36:23 /api/attendance-time-edit-requests ................................................... ~ 1.15ms
  2026-07-01 14:36:23 /api/resignations .................................................................... ~ 2.37ms
  2026-07-01 14:36:23 /api/projects ........................................................................ ~ 4.22ms
  2026-07-01 14:36:23 /api/projects ........................................................................ ~ 5.92ms
  2026-07-01 14:36:23 /api/projects ........................................................................ ~ 7.81ms
  2026-07-01 14:36:23 /api/task-labels ..................................................................... ~ 0.15ms
  2026-07-01 14:36:23 /api/projects ........................................................................ ~ 2.09ms
  2026-07-01 14:36:23 /api/attendance-time-edit-requests ................................................... ~ 0.11ms
  2026-07-01 14:36:23 /api/resignations .................................................................... ~ 1.28ms
  2026-07-01 14:36:23 /api/projects ........................................................................ ~ 3.62ms
  2026-07-01 14:36:23 /api/projects ........................................................................ ~ 5.23ms
  2026-07-01 14:36:23 /api/projects ........................................................................ ~ 6.87ms
  2026-07-01 14:36:24 /api/task-labels ..................................................................... ~ 1.14ms
  2026-07-01 14:36:24 /api/projects ........................................................................ ~ 3.30ms
  2026-07-01 14:36:24 /api/attendance-time-edit-requests ................................................... ~ 0.09ms
  2026-07-01 14:36:24 /api/projects ........................................................................ ~ 1.40ms
  2026-07-01 14:36:24 /api/resignations .................................................................... ~ 3.32ms
  2026-07-01 14:36:25 /api/task-labels ................................................................... ~ 514.66ms
  2026-07-01 14:36:25 /api/projects ...................................................................... ~ 516.26ms
  2026-07-01 14:36:25 /api/attendance-time-edit-requests ................................................... ~ 0.11ms
  2026-07-01 14:36:25 /api/resignations .................................................................... ~ 1.82ms
  2026-07-01 14:36:25 /api/projects ........................................................................ ~ 3.39ms
  2026-07-01 14:36:25 /api/attendance-time-edit-requests ................................................... ~ 0.12ms
  2026-07-01 14:36:25 /api/resignations .................................................................... ~ 1.39ms
  2026-07-01 14:36:25 /api/projects ........................................................................ ~ 3.31ms
  2026-07-01 14:36:26 /api/task-labels ..................................................................... ~ 0.41ms
  2026-07-01 14:36:26 /api/projects ...................................................................... ~ 516.32ms
  2026-07-01 14:37:02 /api/leave-requests .................................................................. ~ 0.33ms
  2026-07-01 14:37:02 /api/attendance-time-edit-requests ................................................... ~ 2.68ms
  2026-07-01 14:37:02 /api/notifications ................................................................. ~ 512.98ms
  2026-07-01 14:37:02 /api/chat/unread-summary ........................................................... ~ 513.63ms
  2026-07-01 14:37:51 /api/leave-requests .................................................................. ~ 1.00ms
  2026-07-01 14:37:52 /api/attendance-time-edit-requests ................................................... ~ 0.10ms
  2026-07-01 14:37:52 /api/notifications ................................................................... ~ 1.24ms
  2026-07-01 14:37:52 /api/chat/unread-summary ............................................................. ~ 2.10ms
  2026-07-01 14:37:59 /api/leave-requests .................................................................. ~ 0.31ms
  2026-07-01 14:37:59 /api/attendance-time-edit-requests ................................................... ~ 2.49ms
  2026-07-01 14:37:59 /api/notifications ................................................................... ~ 3.64ms
  2026-07-01 14:37:59 /api/chat/unread-summary ............................................................. ~ 2.81ms
  2026-07-01 14:38:07 /api/leave-requests .................................................................. ~ 0.29ms
  2026-07-01 14:38:07 /api/attendance-time-edit-requests ................................................... ~ 1.94ms
  2026-07-01 14:38:07 /api/notifications ................................................................... ~ 1.28ms
  2026-07-01 14:38:07 /api/chat/unread-summary ............................................................. ~ 2.40ms
  2026-07-01 14:38:15 /api/leave-requests ................................................................ ~ 500.42ms
  2026-07-01 14:38:15 /api/attendance-time-edit-requests ................................................. ~ 505.12ms
  2026-07-01 14:38:15 /api/notifications ................................................................. ~ 508.41ms
  2026-07-01 14:38:16 /api/chat/unread-summary ............................................................. ~ 8.58ms
  2026-07-01 14:38:23 /api/leave-requests .................................................................. ~ 0.44ms
  2026-07-01 14:38:23 /api/attendance-time-edit-requests ................................................... ~ 0.11ms
  2026-07-01 14:38:23 /api/notifications ................................................................... ~ 1.87ms
  2026-07-01 14:38:23 /api/chat/unread-summary ............................................................. ~ 2.25ms
  2026-07-01 14:38:31 /api/leave-requests .................................................................. ~ 1.57ms
  2026-07-01 14:38:31 /api/attendance-time-edit-requests ................................................... ~ 5.45ms
  2026-07-01 14:38:31 /api/notifications ................................................................... ~ 6.98ms
  2026-07-01 14:38:31 /api/chat/unread-summary ............................................................ ~ 10.16ms
  2026-07-01 14:38:39 /api/leave-requests .................................................................. ~ 0.78ms
  2026-07-01 14:38:39 /api/attendance-time-edit-requests ................................................... ~ 6.10ms
  2026-07-01 14:38:39 /api/notifications ................................................................... ~ 9.37ms
  2026-07-01 14:38:40 /api/chat/unread-summary ............................................................. ~ 0.09ms
  2026-07-01 14:38:47 /api/leave-requests .................................................................. ~ 0.65ms
  2026-07-01 14:38:47 /api/attendance-time-edit-requests ................................................... ~ 2.99ms
  2026-07-01 14:38:47 /api/notifications ................................................................. ~ 511.17ms
  2026-07-01 14:38:47 /api/chat/unread-summary ........................................................... ~ 510.02ms
  2026-07-01 14:38:55 /api/leave-requests .................................................................. ~ 1.48ms
  2026-07-01 14:38:55 /api/attendance-time-edit-requests ................................................... ~ 5.90ms
  2026-07-01 14:38:55 /api/notifications ................................................................... ~ 7.34ms
  2026-07-01 14:38:55 /api/chat/unread-summary ............................................................. ~ 3.88ms
  2026-07-01 14:39:03 /api/leave-requests .................................................................. ~ 0.44ms
  2026-07-01 14:39:03 /api/attendance-time-edit-requests ................................................... ~ 4.82ms
  2026-07-01 14:39:03 /api/notifications ................................................................... ~ 3.83ms
  2026-07-01 14:39:04 /api/chat/unread-summary ............................................................. ~ 5.25ms
  2026-07-01 14:39:11 /api/leave-requests ................................................................ ~ 500.53ms
  2026-07-01 14:39:11 /api/attendance-time-edit-requests ................................................... ~ 0.21ms
  2026-07-01 14:39:11 /api/notifications ................................................................... ~ 3.63ms
  2026-07-01 14:39:12 /api/chat/unread-summary ............................................................. ~ 3.56ms
  2026-07-01 14:40:02 /api/leave-requests .................................................................. ~ 2.05ms
  2026-07-01 14:40:02 /api/attendance-time-edit-requests ................................................... ~ 0.35ms
  2026-07-01 14:40:02 /api/notifications ................................................................... ~ 3.58ms
  2026-07-01 14:40:03 /api/chat/unread-summary ............................................................. ~ 2.90ms
  2026-07-01 14:41:02 /api/leave-requests .................................................................. ~ 0.39ms
  2026-07-01 14:41:02 /api/attendance-time-edit-requests ................................................... ~ 2.06ms
  2026-07-01 14:41:02 /api/notifications ................................................................. ~ 511.32ms
  2026-07-01 14:41:02 /api/chat/unread-summary ........................................................... ~ 511.28ms
  2026-07-01 14:42:02 /api/leave-requests .................................................................. ~ 1.38ms
  2026-07-01 14:42:02 /api/attendance-time-edit-requests ................................................... ~ 0.10ms
  2026-07-01 14:42:02 /api/notifications ................................................................... ~ 1.46ms
  2026-07-01 14:42:02 /api/chat/unread-summary ............................................................. ~ 1.89ms
  2026-07-01 14:43:02 /api/leave-requests .................................................................. ~ 0.79ms
  2026-07-01 14:43:02 /api/attendance-time-edit-requests ................................................... ~ 2.59ms
  2026-07-01 14:43:02 /api/notifications ................................................................... ~ 4.15ms
  2026-07-01 14:43:02 /api/chat/unread-summary ........................................................... ~ 514.50ms
  2026-07-01 14:44:02 /api/leave-requests .................................................................. ~ 0.67ms
  2026-07-01 14:44:02 /api/attendance-time-edit-requests ................................................... ~ 3.98ms
  2026-07-01 14:44:02 /api/notifications ................................................................. ~ 515.75ms
  2026-07-01 14:44:03 /api/chat/unread-summary ........................................................... ~ 517.93ms
  2026-07-01 14:45:02 /api/leave-requests .................................................................. ~ 0.49ms
  2026-07-01 14:45:02 /api/attendance-time-edit-requests ................................................... ~ 2.11ms
  2026-07-01 14:45:02 /api/notifications ................................................................... ~ 1.34ms
  2026-07-01 14:45:02 /api/chat/unread-summary ............................................................. ~ 1.99ms
  2026-07-01 14:46:02 /api/leave-requests .................................................................. ~ 0.30ms
  2026-07-01 14:46:02 /api/attendance-time-edit-requests ................................................... ~ 2.56ms
  2026-07-01 14:46:02 /api/notifications ................................................................. ~ 518.58ms
  2026-07-01 14:46:02 /api/chat/unread-summary ........................................................... ~ 521.17ms
  2026-07-01 14:47:02 /api/leave-requests .................................................................. ~ 0.80ms
  2026-07-01 14:47:02 /api/attendance-time-edit-requests ................................................. ~ 517.11ms
  2026-07-01 14:47:02 /api/chat/unread-summary ........................................................... ~ 518.21ms
  2026-07-01 14:47:02 /api/notifications ................................................................. ~ 520.62ms
  2026-07-01 14:48:02 /api/leave-requests .................................................................. ~ 2.82ms
  2026-07-01 14:48:02 /api/attendance-time-edit-requests ................................................... ~ 4.61ms
  2026-07-01 14:48:02 /api/notifications ................................................................... ~ 1.92ms
  2026-07-01 14:48:02 /api/chat/unread-summary ............................................................. ~ 1.70ms
  2026-07-01 14:49:02 /api/leave-requests .................................................................. ~ 0.92ms
  2026-07-01 14:49:02 /api/attendance-time-edit-requests ................................................... ~ 2.84ms
  2026-07-01 14:49:02 /api/notifications ................................................................... ~ 2.01ms
  2026-07-01 14:49:02 /api/chat/unread-summary ............................................................. ~ 1.65ms
  2026-07-01 14:49:34 /api/leave-requests .................................................................. ~ 0.43ms
  2026-07-01 14:49:34 /api/attendance-time-edit-requests ................................................. ~ 515.06ms
  2026-07-01 14:49:34 /api/notifications ................................................................. ~ 514.29ms
  2026-07-01 14:49:34 /api/chat/unread-summary ............................................................. ~ 1.73ms
  2026-07-01 14:49:34 /api/users ........................................................................... ~ 2.29ms
  2026-07-01 14:49:42 /api/leave-requests .................................................................. ~ 0.34ms
  2026-07-01 14:49:42 /api/attendance-time-edit-requests ................................................... ~ 2.59ms
  2026-07-01 14:49:42 /api/notifications ................................................................. ~ 511.05ms
  2026-07-01 14:49:42 /api/chat/unread-summary ........................................................... ~ 511.30ms
  2026-07-01 14:49:50 /api/leave-requests .................................................................. ~ 1.10ms
  2026-07-01 14:49:50 /api/attendance-time-edit-requests ................................................... ~ 2.57ms
  2026-07-01 14:49:50 /api/notifications ................................................................... ~ 3.74ms
  2026-07-01 14:49:50 /api/chat/unread-summary ............................................................. ~ 6.07ms
  2026-07-01 14:49:58 /api/leave-requests .................................................................. ~ 1.05ms
  2026-07-01 14:49:58 /api/attendance-time-edit-requests ................................................... ~ 3.04ms
  2026-07-01 14:49:58 /api/notifications ................................................................... ~ 4.79ms
  2026-07-01 14:49:58 /api/chat/unread-summary ............................................................. ~ 3.75ms
  2026-07-01 14:50:06 /api/leave-requests .................................................................. ~ 0.26ms
  2026-07-01 14:50:06 /api/attendance-time-edit-requests ................................................. ~ 514.38ms
  2026-07-01 14:50:06 /api/notifications ................................................................. ~ 515.52ms
  2026-07-01 14:50:06 /api/chat/unread-summary ........................................................... ~ 516.90ms
  2026-07-01 14:50:14 /api/leave-requests .................................................................. ~ 0.98ms
  2026-07-01 14:50:14 /api/attendance-time-edit-requests ................................................... ~ 2.78ms
  2026-07-01 14:50:14 /api/notifications ................................................................... ~ 4.49ms
  2026-07-01 14:50:14 /api/chat/unread-summary ............................................................. ~ 6.11ms
  2026-07-01 14:51:02 /api/leave-requests .................................................................. ~ 0.28ms
  2026-07-01 14:51:02 /api/attendance-time-edit-requests ................................................... ~ 2.71ms
  2026-07-01 14:51:02 /api/notifications ................................................................... ~ 3.90ms
  2026-07-01 14:51:02 /api/chat/unread-summary ............................................................. ~ 2.77ms
  2026-07-01 14:51:09 /api/leave-requests .................................................................. ~ 0.43ms
  2026-07-01 14:51:09 /api/attendance-time-edit-requests ................................................... ~ 2.25ms
  2026-07-01 14:51:09 /api/notifications ................................................................... ~ 3.44ms
  2026-07-01 14:51:09 /api/chat/unread-summary ............................................................. ~ 3.48ms
  2026-07-01 14:51:10 /api/users ........................................................................... ~ 1.97ms
  2026-07-01 14:51:18 /api/leave-requests ................................................................ ~ 510.72ms
  2026-07-01 14:51:18 /api/attendance-time-edit-requests ................................................. ~ 512.28ms
  2026-07-01 14:51:18 /api/notifications ................................................................... ~ 1.41ms
  2026-07-01 14:51:18 /api/chat/unread-summary ............................................................. ~ 2.49ms
  2026-07-01 14:51:26 /api/leave-requests .................................................................. ~ 0.32ms
  2026-07-01 14:51:26 /api/attendance-time-edit-requests ................................................... ~ 1.95ms
  2026-07-01 14:51:26 /api/notifications ................................................................... ~ 3.10ms
  2026-07-01 14:51:26 /api/chat/unread-summary ............................................................. ~ 5.17ms
  2026-07-01 14:51:34 /api/leave-requests .................................................................. ~ 1.16ms
  2026-07-01 14:51:34 /api/attendance-time-edit-requests ................................................... ~ 2.69ms
  2026-07-01 14:51:34 /api/notifications ................................................................... ~ 3.97ms
  2026-07-01 14:51:34 /api/chat/unread-summary ............................................................. ~ 3.40ms
  2026-07-01 14:51:42 /api/leave-requests .................................................................. ~ 1.10ms
  2026-07-01 14:51:42 /api/attendance-time-edit-requests ................................................... ~ 2.75ms
  2026-07-01 14:51:42 /api/notifications ................................................................... ~ 4.08ms
  2026-07-01 14:51:42 /api/chat/unread-summary ............................................................. ~ 6.02ms
  2026-07-01 14:51:50 /api/leave-requests .................................................................. ~ 0.63ms
  2026-07-01 14:51:50 /api/attendance-time-edit-requests ................................................... ~ 2.54ms
  2026-07-01 14:51:50 /api/notifications ................................................................... ~ 3.84ms
  2026-07-01 14:51:50 /api/chat/unread-summary ............................................................. ~ 3.56ms
  2026-07-01 14:52:02 /api/leave-requests .................................................................. ~ 1.12ms
  2026-07-01 14:52:02 /api/attendance-time-edit-requests ................................................... ~ 2.91ms
  2026-07-01 14:52:02 /api/notifications ................................................................... ~ 1.68ms
  2026-07-01 14:52:02 /api/chat/unread-summary ............................................................. ~ 2.31ms
  2026-07-01 14:52:09 /api/leave-requests ................................................................ ~ 500.36ms
  2026-07-01 14:52:09 /api/attendance-time-edit-requests ................................................. ~ 502.27ms
  2026-07-01 14:52:09 /api/notifications ................................................................. ~ 503.51ms
  2026-07-01 14:52:09 /api/chat/unread-summary ........................................................... ~ 505.09ms
  2026-07-01 14:52:09 /api/users ........................................................................... ~ 4.56ms
  2026-07-01 14:52:17 /api/auth/me ......................................................................... ~ 0.39ms
  2026-07-01 14:52:17 /api/auth/me ......................................................................... ~ 0.13ms
  2026-07-01 14:52:17 /api/leave-requests .................................................................. ~ 0.55ms
  2026-07-01 14:52:17 /api/attendance-time-edit-requests ................................................... ~ 0.20ms
  2026-07-01 14:52:17 /api/users ........................................................................... ~ 2.01ms
  2026-07-01 14:52:17 /api/resignations .................................................................... ~ 3.97ms
  2026-07-01 14:52:17 /api/attendance/summary .............................................................. ~ 2.36ms
  2026-07-01 14:52:17 /api/leave-requests .................................................................. ~ 2.71ms
  2026-07-01 14:52:17 /api/reports/overall ................................................................. ~ 2.55ms
  2026-07-01 14:52:17 /api/tasks ........................................................................... ~ 2.86ms
  2026-07-01 14:52:17 /api/projects ........................................................................ ~ 3.14ms
  2026-07-01 14:52:17 /api/notifications ................................................................... ~ 4.74ms
  2026-07-01 14:52:17 /api/report-groups ................................................................... ~ 3.12ms
  2026-07-01 14:52:18 /api/audit-logs ...................................................................... ~ 3.09ms
  2026-07-01 14:52:18 /api/attendance/calendar ........................................................... ~ 509.09ms
  2026-07-01 14:52:18 /api/leave-requests ................................................................ ~ 508.05ms
  2026-07-01 14:52:18 /api/notifications ................................................................... ~ 1.74ms
  2026-07-01 14:52:18 /api/chat/unread-summary ............................................................. ~ 2.46ms
  2026-07-01 14:52:18 /api/users ........................................................................... ~ 2.08ms
  2026-07-01 14:52:18 /api/attendance-time-edit-requests ................................................... ~ 2.08ms
  2026-07-01 14:52:18 /api/auth/me ......................................................................... ~ 1.84ms
  2026-07-01 14:52:18 /api/auth/me ......................................................................... ~ 2.20ms
  2026-07-01 14:52:18 /api/auth/me ......................................................................... ~ 0.10ms
  2026-07-01 14:52:19 /api/attendance-time-edit-requests ................................................... ~ 0.29ms
  2026-07-01 14:52:19 /api/leave-requests ................................................................ ~ 513.66ms
  2026-07-01 14:52:19 /api/resignations .................................................................. ~ 514.32ms
  2026-07-01 14:52:19 /api/users ........................................................................... ~ 2.55ms
  2026-07-01 14:52:19 /api/attendance/summary .............................................................. ~ 2.59ms
  2026-07-01 14:52:19 /api/leave-requests .................................................................. ~ 2.18ms
  2026-07-01 14:52:19 /api/reports/overall ................................................................. ~ 2.55ms
  2026-07-01 14:52:19 /api/tasks ........................................................................... ~ 2.18ms
  2026-07-01 14:52:19 /api/projects ........................................................................ ~ 2.48ms
  2026-07-01 14:52:19 /api/notifications ................................................................... ~ 2.83ms
  2026-07-01 14:52:19 /api/report-groups ................................................................... ~ 2.46ms
  2026-07-01 14:52:19 /api/audit-logs ...................................................................... ~ 2.56ms
  2026-07-01 14:52:19 /api/attendance/calendar ............................................................. ~ 3.27ms
  2026-07-01 14:52:19 /api/leave-requests .................................................................. ~ 2.04ms
  2026-07-01 14:52:19 /api/notifications ................................................................... ~ 2.30ms
  2026-07-01 14:52:19 /api/users ........................................................................... ~ 2.34ms
  2026-07-01 14:52:19 /api/chat/unread-summary ............................................................. ~ 2.59ms
  2026-07-01 14:52:19 /api/attendance-time-edit-requests ................................................. ~ 514.63ms
  2026-07-01 14:52:19 /api/leave-requests ................................................................ ~ 514.17ms
  2026-07-01 14:52:19 /api/notifications ................................................................... ~ 2.31ms
  2026-07-01 14:52:19 /api/users ........................................................................... ~ 2.32ms
  2026-07-01 14:52:19 /api/chat/unread-summary ............................................................. ~ 2.41ms
  2026-07-01 14:52:19 /api/attendance-time-edit-requests ................................................... ~ 2.15ms
  2026-07-01 14:52:27 /api/leave-requests .................................................................. ~ 1.08ms
  2026-07-01 14:52:27 /api/attendance-time-edit-requests ................................................... ~ 3.02ms
  2026-07-01 14:52:27 /api/notifications ................................................................... ~ 1.53ms
  2026-07-01 14:52:27 /api/chat/unread-summary ............................................................. ~ 1.65ms
  2026-07-01 14:52:29 /api/leave-requests ................................................................ ~ 502.70ms
  2026-07-01 14:52:29 /api/attendance-time-edit-requests ................................................. ~ 505.23ms
  2026-07-01 14:52:29 /api/notifications ................................................................... ~ 1.65ms
  2026-07-01 14:52:30 /api/chat/unread-summary ............................................................. ~ 2.17ms
  2026-07-01 14:52:30 /api/users ........................................................................... ~ 2.33ms
  2026-07-01 14:52:37 /api/leave-requests .................................................................. ~ 0.28ms
  2026-07-01 14:52:37 /api/attendance-time-edit-requests ................................................... ~ 2.19ms
  2026-07-01 14:52:37 /api/notifications ................................................................... ~ 3.58ms
  2026-07-01 14:52:37 /api/chat/unread-summary ............................................................. ~ 5.41ms
  2026-07-01 14:52:46 /api/leave-requests .................................................................. ~ 1.32ms
  2026-07-01 14:52:46 /api/attendance-time-edit-requests ................................................... ~ 0.11ms
  2026-07-01 14:52:46 /api/notifications ................................................................... ~ 1.36ms
  2026-07-01 14:52:47 /api/chat/unread-summary ............................................................. ~ 4.29ms
  2026-07-01 14:52:51 /api/leave-requests .................................................................. ~ 1.07ms
  2026-07-01 14:52:51 /api/attendance-time-edit-requests ................................................... ~ 2.65ms
  2026-07-01 14:52:51 /api/notifications ................................................................... ~ 1.56ms
  2026-07-01 14:52:52 /api/chat/unread-summary ............................................................. ~ 2.63ms
  2026-07-01 14:52:52 /api/users ........................................................................... ~ 1.74ms
  2026-07-01 14:52:56 /api/leave-requests .................................................................. ~ 0.45ms
  2026-07-01 14:52:56 /api/attendance-time-edit-requests ................................................... ~ 2.45ms
  2026-07-01 14:52:56 /api/notifications ................................................................... ~ 1.29ms
  2026-07-01 14:52:57 /api/chat/unread-summary ............................................................. ~ 3.75ms
  2026-07-01 14:52:57 /api/users ........................................................................... ~ 1.85ms
  2026-07-01 14:53:00 /api/leave-requests .................................................................. ~ 0.29ms
  2026-07-01 14:53:00 /api/attendance-time-edit-requests ................................................... ~ 3.66ms
  2026-07-01 14:53:00 /api/notifications ................................................................. ~ 512.81ms
  2026-07-01 14:53:00 /api/chat/unread-summary ........................................................... ~ 513.97ms
  2026-07-01 14:53:01 /api/users ........................................................................... ~ 2.57ms
  2026-07-01 14:53:09 /api/leave-requests .................................................................. ~ 1.78ms
  2026-07-01 14:53:09 /api/attendance-time-edit-requests ................................................... ~ 0.11ms
  2026-07-01 14:53:09 /api/notifications ................................................................... ~ 1.32ms
  2026-07-01 14:53:10 /api/chat/unread-summary ............................................................. ~ 1.97ms
  2026-07-01 14:53:17 /api/leave-requests .................................................................. ~ 1.04ms
  2026-07-01 14:53:17 /api/attendance-time-edit-requests ................................................... ~ 2.86ms
  2026-07-01 14:53:17 /api/notifications ................................................................... ~ 4.37ms
  2026-07-01 14:53:17 /api/chat/unread-summary ............................................................. ~ 6.87ms
  2026-07-01 14:53:25 /api/leave-requests .................................................................. ~ 0.28ms
  2026-07-01 14:53:25 /api/attendance-time-edit-requests ................................................. ~ 512.55ms
  2026-07-01 14:53:25 /api/notifications ................................................................. ~ 515.13ms
  2026-07-01 14:53:25 /api/chat/unread-summary ........................................................... ~ 516.67ms
  2026-07-01 14:53:33 /api/leave-requests .................................................................. ~ 1.03ms
  2026-07-01 14:53:33 /api/attendance-time-edit-requests ................................................... ~ 3.13ms
  2026-07-01 14:53:33 /api/notifications ................................................................... ~ 4.75ms
  2026-07-01 14:53:33 /api/chat/unread-summary ............................................................. ~ 5.96ms
  2026-07-01 14:53:41 /api/leave-requests .................................................................. ~ 1.04ms
  2026-07-01 14:53:41 /api/attendance-time-edit-requests ................................................... ~ 4.03ms
  2026-07-01 14:53:41 /api/notifications ................................................................... ~ 0.09ms
  2026-07-01 14:53:41 /api/chat/unread-summary ............................................................. ~ 1.75ms
  2026-07-01 14:53:49 /api/leave-requests ................................................................ ~ 516.54ms
  2026-07-01 14:53:49 /api/attendance-time-edit-requests ................................................. ~ 521.26ms
  2026-07-01 14:53:49 /api/notifications ................................................................... ~ 3.01ms
  2026-07-01 14:53:50 /api/chat/unread-summary ............................................................. ~ 2.48ms
  2026-07-01 14:53:52 /api/auth/me ......................................................................... ~ 0.57ms
  2026-07-01 14:53:52 /api/auth/me ......................................................................... ~ 0.32ms
  2026-07-01 14:53:52 /api/leave-requests .................................................................. ~ 0.09ms
  2026-07-01 14:53:52 /api/attendance-time-edit-requests ................................................. ~ 510.05ms
  2026-07-01 14:53:52 /api/resignations .................................................................. ~ 510.00ms
  2026-07-01 14:53:52 /api/users ........................................................................... ~ 1.77ms
  2026-07-01 14:53:52 /api/attendance/summary .............................................................. ~ 2.21ms
  2026-07-01 14:53:52 /api/leave-requests .................................................................. ~ 4.42ms
  2026-07-01 14:53:52 /api/reports/overall ................................................................. ~ 5.02ms
  2026-07-01 14:53:52 /api/tasks ........................................................................... ~ 4.35ms
  2026-07-01 14:53:52 /api/projects ........................................................................ ~ 5.67ms
  2026-07-01 14:53:52 /api/notifications ................................................................... ~ 4.73ms
  2026-07-01 14:53:52 /api/report-groups ................................................................... ~ 2.21ms
  2026-07-01 14:53:52 /api/audit-logs ...................................................................... ~ 2.55ms
  2026-07-01 14:53:52 /api/attendance/calendar ............................................................. ~ 2.54ms
  2026-07-01 14:53:52 /api/leave-requests .................................................................. ~ 4.40ms
  2026-07-01 14:53:53 /api/notifications ................................................................. ~ 508.26ms
  2026-07-01 14:53:53 /api/chat/unread-summary ........................................................... ~ 508.20ms
  2026-07-01 14:53:53 /api/users ........................................................................... ~ 1.61ms
  2026-07-01 14:53:53 /api/attendance-time-edit-requests ................................................... ~ 2.42ms
  2026-07-01 14:53:53 /api/auth/me ......................................................................... ~ 1.65ms
  2026-07-01 14:53:53 /api/users ........................................................................... ~ 1.99ms
  2026-07-01 14:53:53 /api/leave-requests .................................................................. ~ 2.04ms
  2026-07-01 14:53:53 /api/attendance-time-edit-requests ................................................... ~ 1.95ms
  2026-07-01 14:53:53 /api/chat/unread-summary ............................................................. ~ 1.42ms
  2026-07-01 14:53:53 /api/notifications ................................................................... ~ 1.68ms
  2026-07-01 14:53:53 /api/auth/me ......................................................................... ~ 2.18ms
  2026-07-01 14:53:53 /api/auth/me ......................................................................... ~ 0.12ms
  2026-07-01 14:53:53 /api/leave-requests .................................................................. ~ 0.36ms
  2026-07-01 14:53:54 /api/attendance-time-edit-requests ................................................... ~ 0.23ms
  2026-07-01 14:53:54 /api/resignations .................................................................... ~ 3.54ms
  2026-07-01 14:53:54 /api/users ......................................................................... ~ 513.34ms
  2026-07-01 14:53:54 /api/attendance/summary ............................................................ ~ 513.28ms
  2026-07-01 14:53:54 /api/leave-requests .................................................................. ~ 1.92ms
  2026-07-01 14:53:54 /api/reports/overall ................................................................. ~ 1.80ms
  2026-07-01 14:53:54 /api/tasks ........................................................................... ~ 1.65ms
  2026-07-01 14:53:54 /api/projects ........................................................................ ~ 2.63ms
  2026-07-01 14:53:54 /api/notifications ................................................................... ~ 4.21ms
  2026-07-01 14:53:54 /api/report-groups ................................................................... ~ 2.37ms
  2026-07-01 14:53:54 /api/audit-logs ...................................................................... ~ 1.83ms
  2026-07-01 14:53:54 /api/leave-requests .................................................................. ~ 1.85ms
  2026-07-01 14:53:54 /api/attendance/calendar ............................................................. ~ 1.96ms
  2026-07-01 14:53:54 /api/notifications ................................................................... ~ 1.64ms
  2026-07-01 14:53:54 /api/chat/unread-summary ............................................................. ~ 1.66ms
  2026-07-01 14:53:54 /api/users ........................................................................... ~ 1.54ms
  2026-07-01 14:53:54 /api/attendance-time-edit-requests ................................................... ~ 2.14ms
  2026-07-01 14:53:54 /api/leave-requests ................................................................ ~ 506.03ms
  2026-07-01 14:53:54 /api/notifications ................................................................. ~ 507.67ms
  2026-07-01 14:53:54 /api/chat/unread-summary ............................................................. ~ 2.19ms
  2026-07-01 14:53:54 /api/users ........................................................................... ~ 1.56ms
  2026-07-01 14:53:54 /api/attendance-time-edit-requests ................................................... ~ 3.99ms
  2026-07-01 14:56:12 /api/auth/me ......................................................................... ~ 0.52ms
  2026-07-01 14:56:12 /api/auth/me ....................................................................... ~ 512.92ms
  2026-07-01 14:56:12 /api/leave-requests .................................................................. ~ 0.27ms
  2026-07-01 14:56:12 /api/attendance-time-edit-requests ................................................... ~ 4.38ms
  2026-07-01 14:56:12 /api/resignations .................................................................... ~ 3.52ms
  2026-07-01 14:56:12 /api/users ........................................................................... ~ 4.67ms
  2026-07-01 14:56:12 /api/attendance/summary .............................................................. ~ 7.21ms
  2026-07-01 14:56:12 /api/leave-requests .................................................................. ~ 4.50ms
  2026-07-01 14:56:13 /api/reports/overall ................................................................. ~ 4.76ms
  2026-07-01 14:56:13 /api/tasks ........................................................................... ~ 4.47ms
  2026-07-01 14:56:13 /api/projects ...................................................................... ~ 521.09ms
  2026-07-01 14:56:13 /api/notifications ................................................................. ~ 521.00ms
  2026-07-01 14:56:13 /api/report-groups ................................................................... ~ 3.26ms
  2026-07-01 14:56:13 /api/auth/me ......................................................................... ~ 2.38ms
  2026-07-01 14:56:13 /api/auth/me ......................................................................... ~ 2.09ms
  2026-07-01 14:56:13 /api/leave-requests ................................................................ ~ 503.75ms
  2026-07-01 14:56:13 /api/attendance-time-edit-requests ................................................. ~ 507.68ms
  2026-07-01 14:56:13 /api/resignations .................................................................... ~ 1.76ms
  2026-07-01 14:56:14 /api/attendance/summary .............................................................. ~ 2.00ms
  2026-07-01 14:56:14 /api/users ........................................................................... ~ 1.98ms
  2026-07-01 14:56:14 /api/leave-requests .................................................................. ~ 2.89ms
  2026-07-01 14:56:14 /api/reports/overall ................................................................. ~ 2.06ms
  2026-07-01 14:56:14 /api/tasks ......................................................................... ~ 518.44ms
  2026-07-01 14:56:14 /api/projects ...................................................................... ~ 517.06ms
  2026-07-01 14:56:14 /api/notifications ................................................................... ~ 1.95ms
  2026-07-01 14:56:14 /api/report-groups ................................................................... ~ 1.89ms
  2026-07-01 14:56:14 /api/audit-logs ...................................................................... ~ 2.15ms
  2026-07-01 14:56:14 /api/attendance/calendar ............................................................. ~ 2.94ms
  2026-07-01 14:56:14 /api/leave-requests .................................................................. ~ 1.49ms
  2026-07-01 14:56:14 /api/notifications ................................................................... ~ 3.27ms
  2026-07-01 14:56:14 /api/chat/unread-summary ............................................................. ~ 2.24ms
  2026-07-01 14:56:14 /api/users ........................................................................... ~ 1.47ms
  2026-07-01 14:56:14 /api/attendance-time-edit-requests ................................................... ~ 2.12ms
  2026-07-01 14:56:14 /api/leave-requests .................................................................. ~ 1.30ms
  2026-07-01 14:56:14 /api/notifications ................................................................... ~ 1.96ms
  2026-07-01 14:56:14 /api/chat/unread-summary ............................................................. ~ 1.57ms
  2026-07-01 14:56:14 /api/users ........................................................................... ~ 1.60ms
  2026-07-01 14:56:14 /api/attendance-time-edit-requests ................................................... ~ 2.17ms
  2026-07-01 14:56:22 /api/leave-requests .................................................................. ~ 0.29ms
  2026-07-01 14:56:22 /api/attendance-time-edit-requests ................................................... ~ 2.11ms
  2026-07-01 14:56:22 /api/notifications ................................................................... ~ 2.12ms
  2026-07-01 14:56:22 /api/chat/unread-summary ............................................................. ~ 1.69ms
  2026-07-01 14:56:30 /api/leave-requests .................................................................. ~ 1.01ms
  2026-07-01 14:56:30 /api/attendance-time-edit-requests ................................................... ~ 3.36ms
  2026-07-01 14:56:30 /api/notifications ................................................................... ~ 6.10ms
  2026-07-01 14:56:30 /api/chat/unread-summary ............................................................. ~ 7.14ms
  2026-07-01 14:56:38 /api/leave-requests .................................................................. ~ 2.08ms
  2026-07-01 14:56:38 /api/attendance-time-edit-requests ................................................... ~ 7.90ms
  2026-07-01 14:56:38 /api/notifications ................................................................... ~ 3.77ms
  2026-07-01 14:56:38 /api/chat/unread-summary ............................................................. ~ 2.11ms
  2026-07-01 14:56:46 /api/leave-requests .................................................................. ~ 0.42ms
  2026-07-01 14:56:46 /api/attendance-time-edit-requests ................................................. ~ 518.78ms
  2026-07-01 14:56:46 /api/notifications ................................................................. ~ 521.18ms
  2026-07-01 14:56:46 /api/chat/unread-summary ............................................................. ~ 3.36ms
  2026-07-01 14:56:54 /api/leave-requests .................................................................. ~ 1.43ms
  2026-07-01 14:56:54 /api/attendance-time-edit-requests ................................................... ~ 3.40ms
  2026-07-01 14:56:54 /api/notifications ................................................................... ~ 1.27ms
  2026-07-01 14:56:54 /api/chat/unread-summary ............................................................. ~ 1.66ms
  2026-07-01 14:57:02 /api/leave-requests .................................................................. ~ 0.34ms
  2026-07-01 14:57:02 /api/attendance-time-edit-requests ................................................... ~ 2.50ms
  2026-07-01 14:57:02 /api/notifications ................................................................... ~ 3.81ms
  2026-07-01 14:57:02 /api/chat/unread-summary ............................................................. ~ 1.67ms
  2026-07-01 14:57:10 /api/leave-requests ................................................................ ~ 505.63ms
  2026-07-01 14:57:10 /api/attendance-time-edit-requests ................................................. ~ 507.36ms
  2026-07-01 14:57:10 /api/notifications ................................................................. ~ 508.48ms
  2026-07-01 14:57:10 /api/chat/unread-summary ............................................................. ~ 2.68ms
  2026-07-01 14:58:02 /api/leave-requests ................................................................ ~ 509.35ms
  2026-07-01 14:58:02 /api/attendance-time-edit-requests ................................................. ~ 511.37ms
  2026-07-01 14:58:02 /api/notifications ................................................................. ~ 512.62ms
  2026-07-01 14:58:02 /api/chat/unread-summary ............................................................. ~ 2.83ms
  2026-07-01 14:59:02 /api/leave-requests .................................................................. ~ 0.83ms
  2026-07-01 14:59:02 /api/attendance-time-edit-requests ................................................... ~ 3.40ms
  2026-07-01 14:59:02 /api/notifications ................................................................... ~ 6.16ms
  2026-07-01 14:59:03 /api/chat/unread-summary ........................................................... ~ 512.60ms
  2026-07-01 15:00:02 /api/leave-requests .................................................................. ~ 1.16ms
  2026-07-01 15:00:02 /api/attendance-time-edit-requests ................................................... ~ 0.10ms
  2026-07-01 15:00:02 /api/notifications ................................................................... ~ 1.19ms
  2026-07-01 15:00:02 /api/chat/unread-summary ............................................................. ~ 1.68ms
  2026-07-01 15:00:14 /api/leave-requests ................................................................ ~ 514.48ms
  2026-07-01 15:00:14 /api/attendance-time-edit-requests ................................................. ~ 516.93ms
  2026-07-01 15:00:14 /api/notifications ................................................................. ~ 518.18ms
  2026-07-01 15:00:14 /api/chat/unread-summary ........................................................... ~ 520.45ms
  2026-07-01 15:00:14 /api/leave-requests .................................................................. ~ 5.28ms
  2026-07-01 15:00:14 /api/resignations .................................................................... ~ 1.64ms
  2026-07-01 15:00:14 /api/attendance-time-edit-requests ................................................... ~ 1.75ms
  2026-07-01 15:00:15 /api/payroll/my/payslips ............................................................. ~ 1.07ms
  2026-07-01 15:00:15 /api/payroll/my/payslips ............................................................. ~ 0.09ms
  2026-07-01 15:00:16 /api/payroll/onboarding-status ..................................................... ~ 502.05ms
  2026-07-01 15:00:16 /api/payroll/runs .................................................................... ~ 0.52ms
  2026-07-01 15:00:16 /api/payroll/pay-groups .............................................................. ~ 2.84ms
  2026-07-01 15:00:16 /api/payroll/onboarding-status ....................................................... ~ 3.46ms
  2026-07-01 15:00:16 /api/payroll/runs .................................................................... ~ 3.24ms
  2026-07-01 15:00:16 /api/payroll/pay-groups .............................................................. ~ 2.30ms
  2026-07-01 15:00:17 /api/payroll/my/declaration .......................................................... ~ 0.99ms
  2026-07-01 15:00:18 /api/payroll/my/declaration .......................................................... ~ 0.09ms
  2026-07-01 15:00:18 /api/payroll/employees ............................................................... ~ 1.11ms
  2026-07-01 15:00:22 /api/leave-requests .................................................................. ~ 1.08ms
  2026-07-01 15:00:22 /api/attendance-time-edit-requests ................................................... ~ 2.73ms
  2026-07-01 15:00:22 /api/notifications ................................................................... ~ 3.85ms
  2026-07-01 15:00:22 /api/chat/unread-summary ............................................................. ~ 3.17ms
  2026-07-01 15:00:30 /api/leave-requests .................................................................. ~ 1.12ms
  2026-07-01 15:00:30 /api/attendance-time-edit-requests ................................................... ~ 2.77ms
  2026-07-01 15:00:30 /api/notifications ................................................................... ~ 3.85ms
  2026-07-01 15:00:30 /api/chat/unread-summary ............................................................. ~ 2.64ms
  2026-07-01 15:00:38 /api/leave-requests .................................................................. ~ 0.34ms
  2026-07-01 15:00:38 /api/attendance-time-edit-requests ................................................... ~ 0.17ms
  2026-07-01 15:00:38 /api/notifications ................................................................... ~ 1.82ms
  2026-07-01 15:00:38 /api/chat/unread-summary ............................................................. ~ 1.75ms
  2026-07-01 15:00:46 /api/leave-requests .................................................................. ~ 1.23ms
  2026-07-01 15:00:46 /api/attendance-time-edit-requests ................................................... ~ 8.10ms
  2026-07-01 15:00:46 /api/notifications .................................................................. ~ 14.82ms
  2026-07-01 15:00:46 /api/chat/unread-summary ............................................................ ~ 20.09ms
  2026-07-01 15:00:48 /api/payroll/arrears ................................................................. ~ 1.77ms
  2026-07-01 15:00:48 /api/payroll/leave-encashments ....................................................... ~ 0.67ms
  2026-07-01 15:00:48 /api/payroll/leave-encashments ....................................................... ~ 0.12ms
  2026-07-01 15:00:48 /api/payroll/fnf-settlements ......................................................... ~ 0.54ms
  2026-07-01 15:00:48 /api/payroll/fnf-settlements ......................................................... ~ 1.00ms
  2026-07-01 15:00:50 /api/payroll/reports/statutory-register ............................................ ~ 515.56ms
  2026-07-01 15:00:50 /api/payroll/reports/statutory-register .................................................. ~ 2s
  2026-07-01 15:00:53 /api/leave-requests .................................................................. ~ 1.60ms
  2026-07-01 15:00:53 /api/attendance-time-edit-requests ................................................... ~ 5.88ms
  2026-07-01 15:00:53 /api/notifications ................................................................... ~ 7.14ms
  2026-07-01 15:00:53 /api/chat/unread-summary ............................................................. ~ 8.96ms
  2026-07-01 15:00:54 /api/payroll/reports/statutory-register .............................................. ~ 1.19ms
  2026-07-01 15:00:55 /api/payroll/reports/bank-reconciliation ............................................. ~ 0.33ms
  2026-07-01 15:00:55 /api/payroll/reports/bank-reconciliation ............................................. ~ 0.11ms
  2026-07-01 15:00:55 /api/payroll/reports/statutory-register .............................................. ~ 0.29ms
  2026-07-01 15:00:56 /api/payroll/reports/statutory-register .............................................. ~ 0.13ms
  2026-07-01 15:00:56 /api/payroll/reports/payroll-register ................................................ ~ 0.50ms
  2026-07-01 15:00:56 /api/payroll/reports/payroll-register ................................................ ~ 0.08ms
  2026-07-01 15:00:57 /api/payroll/reports/statutory-register .............................................. ~ 1.97ms
  2026-07-01 15:00:57 /api/payroll/reports/statutory-register .............................................. ~ 0.32ms
  2026-07-01 15:00:57 /api/payroll/reports/bank-reconciliation ............................................. ~ 0.09ms
  2026-07-01 15:00:58 /api/payroll/reports/statutory-register .............................................. ~ 1.23ms
  2026-07-01 15:00:58 /api/payroll/reports/statutory-register .............................................. ~ 1.16ms
  2026-07-01 15:00:58 /api/payroll/reports/payroll-register ................................................ ~ 0.09ms
  2026-07-01 15:01:01 /api/leave-requests .................................................................. ~ 0.42ms
  2026-07-01 15:01:01 /api/attendance-time-edit-requests ................................................... ~ 2.10ms
  2026-07-01 15:01:01 /api/notifications ................................................................... ~ 3.64ms
  2026-07-01 15:01:01 /api/chat/unread-summary ........................................................... ~ 517.64ms
  2026-07-01 15:01:09 /api/leave-requests .................................................................. ~ 1.68ms
  2026-07-01 15:01:09 /api/attendance-time-edit-requests ................................................... ~ 5.56ms
  2026-07-01 15:01:09 /api/notifications ................................................................... ~ 6.68ms
  2026-07-01 15:01:10 /api/chat/unread-summary ............................................................. ~ 2.70ms
  2026-07-01 15:01:17 /api/leave-requests .................................................................. ~ 1.92ms
  2026-07-01 15:01:17 /api/attendance-time-edit-requests ................................................... ~ 5.98ms
  2026-07-01 15:01:17 /api/notifications ................................................................... ~ 1.67ms
  2026-07-01 15:01:18 /api/chat/unread-summary ............................................................. ~ 3.80ms
  2026-07-01 15:01:25 /api/leave-requests .................................................................. ~ 0.23ms
  2026-07-01 15:01:25 /api/attendance-time-edit-requests ................................................... ~ 2.43ms
  2026-07-01 15:01:25 /api/notifications ................................................................... ~ 3.55ms
  2026-07-01 15:01:25 /api/chat/unread-summary ........................................................... ~ 512.83ms
  2026-07-01 15:01:33 /api/leave-requests .................................................................. ~ 1.17ms
  2026-07-01 15:01:33 /api/attendance-time-edit-requests ................................................... ~ 3.35ms
  2026-07-01 15:01:33 /api/notifications ................................................................... ~ 4.55ms
  2026-07-01 15:01:33 /api/chat/unread-summary ............................................................. ~ 6.89ms
  2026-07-01 15:01:41 /api/leave-requests .................................................................. ~ 1.99ms
  2026-07-01 15:01:41 /api/attendance-time-edit-requests ................................................... ~ 7.34ms
  2026-07-01 15:01:41 /api/notifications ................................................................... ~ 9.50ms
  2026-07-01 15:01:41 /api/chat/unread-summary ............................................................. ~ 7.10ms
  2026-07-01 15:01:49 /api/leave-requests .................................................................. ~ 0.22ms
  2026-07-01 15:01:49 /api/attendance-time-edit-requests ................................................. ~ 515.54ms
  2026-07-01 15:01:49 /api/notifications ................................................................. ~ 518.68ms
  2026-07-01 15:01:49 /api/chat/unread-summary ........................................................... ~ 523.28ms
  2026-07-01 15:01:57 /api/leave-requests .................................................................. ~ 1.30ms
  2026-07-01 15:01:57 /api/attendance-time-edit-requests ................................................... ~ 5.59ms
  2026-07-01 15:01:57 /api/notifications ................................................................... ~ 7.62ms
  2026-07-01 15:01:57 /api/chat/unread-summary ............................................................ ~ 12.84ms
  2026-07-01 15:02:06 /api/leave-requests .................................................................. ~ 1.11ms
  2026-07-01 15:02:06 /api/attendance-time-edit-requests ................................................... ~ 2.75ms
  2026-07-01 15:02:06 /api/notifications ................................................................... ~ 1.70ms
  2026-07-01 15:02:06 /api/chat/unread-summary ............................................................. ~ 1.88ms
  2026-07-01 15:02:14 /api/leave-requests .................................................................. ~ 1.34ms
  2026-07-01 15:02:14 /api/attendance-time-edit-requests ................................................... ~ 5.48ms
  2026-07-01 15:02:14 /api/notifications .................................................................. ~ 10.23ms
  2026-07-01 15:02:14 /api/chat/unread-summary ............................................................. ~ 6.82ms
  2026-07-01 15:02:22 /api/leave-requests .................................................................. ~ 0.52ms
  2026-07-01 15:02:22 /api/attendance-time-edit-requests ................................................... ~ 6.69ms
  2026-07-01 15:02:22 /api/notifications .................................................................. ~ 12.80ms
  2026-07-01 15:02:22 /api/chat/unread-summary ........................................................... ~ 514.71ms
  2026-07-01 15:02:30 /api/leave-requests .................................................................. ~ 1.65ms
  2026-07-01 15:02:30 /api/attendance-time-edit-requests ................................................... ~ 4.21ms
  2026-07-01 15:02:30 /api/notifications ................................................................... ~ 6.12ms
  2026-07-01 15:02:30 /api/chat/unread-summary ............................................................. ~ 6.66ms
  2026-07-01 15:02:38 /api/leave-requests .................................................................. ~ 0.28ms
  2026-07-01 15:02:38 /api/attendance-time-edit-requests ................................................. ~ 500.18ms
  2026-07-01 15:02:38 /api/notifications ................................................................. ~ 501.50ms
  2026-07-01 15:02:39 /api/chat/unread-summary ............................................................. ~ 1.65ms
  2026-07-01 15:02:46 /api/leave-requests .................................................................. ~ 0.30ms
  2026-07-01 15:02:46 /api/attendance-time-edit-requests ................................................... ~ 0.10ms
  2026-07-01 15:02:46 /api/notifications ................................................................... ~ 2.29ms
  2026-07-01 15:02:47 /api/chat/unread-summary ............................................................. ~ 3.27ms
  2026-07-01 15:02:54 /api/leave-requests .................................................................. ~ 1.60ms
  2026-07-01 15:02:54 /api/attendance-time-edit-requests ................................................... ~ 5.17ms
  2026-07-01 15:02:54 /api/notifications ................................................................... ~ 0.09ms
  2026-07-01 15:02:54 /api/chat/unread-summary ............................................................. ~ 3.95ms
  2026-07-01 15:03:02 /api/leave-requests .................................................................. ~ 1.92ms
  2026-07-01 15:03:02 /api/attendance-time-edit-requests ................................................... ~ 0.82ms
  2026-07-01 15:03:02 /api/notifications ................................................................... ~ 2.45ms
  2026-07-01 15:03:03 /api/chat/unread-summary ............................................................. ~ 2.33ms
  2026-07-01 15:03:10 /api/leave-requests .................................................................. ~ 0.66ms
  2026-07-01 15:03:10 /api/attendance-time-edit-requests ................................................... ~ 2.60ms
  2026-07-01 15:03:10 /api/notifications ................................................................. ~ 518.08ms
  2026-07-01 15:03:10 /api/chat/unread-summary ........................................................... ~ 524.34ms
  2026-07-01 15:03:18 /api/leave-requests .................................................................. ~ 1.10ms
  2026-07-01 15:03:18 /api/attendance-time-edit-requests ................................................... ~ 3.40ms
  2026-07-01 15:03:18 /api/notifications ................................................................... ~ 1.51ms
  2026-07-01 15:03:18 /api/chat/unread-summary ............................................................. ~ 1.53ms
  2026-07-01 15:03:26 /api/leave-requests .................................................................. ~ 2.16ms
  2026-07-01 15:03:26 /api/attendance-time-edit-requests ................................................... ~ 6.19ms
  2026-07-01 15:03:26 /api/notifications ................................................................... ~ 0.09ms
  2026-07-01 15:03:26 /api/chat/unread-summary ............................................................. ~ 2.86ms
  2026-07-01 15:03:34 /api/leave-requests .................................................................. ~ 0.50ms
  2026-07-01 15:03:34 /api/attendance-time-edit-requests ................................................... ~ 2.14ms
  2026-07-01 15:03:34 /api/notifications ................................................................. ~ 517.08ms
  2026-07-01 15:03:35 /api/chat/unread-summary ........................................................... ~ 519.86ms
  2026-07-01 15:03:42 /api/leave-requests .................................................................. ~ 0.26ms
  2026-07-01 15:03:42 /api/attendance-time-edit-requests ................................................... ~ 1.93ms
  2026-07-01 15:03:42 /api/notifications ................................................................... ~ 1.59ms
  2026-07-01 15:03:42 /api/chat/unread-summary ............................................................. ~ 1.84ms
  2026-07-01 15:03:50 /api/leave-requests .................................................................. ~ 0.33ms
  2026-07-01 15:03:50 /api/attendance-time-edit-requests ................................................... ~ 1.87ms
  2026-07-01 15:03:50 /api/notifications ................................................................... ~ 1.22ms
  2026-07-01 15:03:51 /api/chat/unread-summary ............................................................. ~ 1.82ms
  2026-07-01 15:03:58 /api/leave-requests .................................................................. ~ 0.28ms
  2026-07-01 15:03:58 /api/attendance-time-edit-requests ................................................... ~ 2.14ms
  2026-07-01 15:03:58 /api/notifications ................................................................. ~ 516.02ms
  2026-07-01 15:03:58 /api/chat/unread-summary ........................................................... ~ 515.89ms
  2026-07-01 15:04:06 /api/leave-requests .................................................................. ~ 0.35ms
  2026-07-01 15:04:06 /api/attendance-time-edit-requests ................................................... ~ 3.58ms
  2026-07-01 15:04:06 /api/notifications ................................................................... ~ 4.73ms
  2026-07-01 15:04:07 /api/chat/unread-summary ............................................................. ~ 0.08ms
  2026-07-01 15:04:14 /api/leave-requests .................................................................. ~ 2.24ms
  2026-07-01 15:04:14 /api/attendance-time-edit-requests ................................................... ~ 6.31ms
  2026-07-01 15:04:14 /api/notifications ................................................................... ~ 1.92ms
  2026-07-01 15:04:15 /api/chat/unread-summary ............................................................. ~ 3.52ms
  2026-07-01 15:04:22 /api/leave-requests ................................................................ ~ 502.80ms
  2026-07-01 15:04:22 /api/attendance-time-edit-requests ................................................. ~ 509.02ms
  2026-07-01 15:04:22 /api/notifications ................................................................. ~ 513.37ms
  2026-07-01 15:04:22 /api/chat/unread-summary ........................................................... ~ 515.67ms
  2026-07-01 15:04:30 /api/leave-requests .................................................................. ~ 0.33ms
  2026-07-01 15:04:30 /api/attendance-time-edit-requests ................................................... ~ 2.29ms
  2026-07-01 15:04:30 /api/notifications ................................................................... ~ 1.28ms
  2026-07-01 15:04:31 /api/chat/unread-summary ............................................................. ~ 2.06ms
  2026-07-01 15:04:38 /api/leave-requests .................................................................. ~ 0.31ms
  2026-07-01 15:04:38 /api/attendance-time-edit-requests ................................................... ~ 2.59ms
  2026-07-01 15:04:38 /api/notifications ................................................................... ~ 1.47ms
  2026-07-01 15:04:39 /api/chat/unread-summary ............................................................. ~ 1.64ms
  2026-07-01 15:04:46 /api/leave-requests .................................................................. ~ 1.50ms
  2026-07-01 15:04:46 /api/attendance-time-edit-requests ................................................... ~ 5.16ms
  2026-07-01 15:04:46 /api/notifications ................................................................... ~ 3.43ms
  2026-07-01 15:04:46 /api/chat/unread-summary ............................................................. ~ 1.68ms
  2026-07-01 15:04:54 /api/leave-requests .................................................................. ~ 0.34ms
  2026-07-01 15:04:54 /api/attendance-time-edit-requests ................................................... ~ 2.58ms
  2026-07-01 15:04:54 /api/notifications ................................................................... ~ 3.92ms
  2026-07-01 15:04:54 /api/chat/unread-summary ............................................................. ~ 3.41ms
  2026-07-01 15:05:02 /api/leave-requests .................................................................. ~ 0.34ms
  2026-07-01 15:05:02 /api/attendance-time-edit-requests ................................................... ~ 1.96ms
  2026-07-01 15:05:02 /api/notifications ................................................................... ~ 3.22ms
  2026-07-01 15:05:02 /api/chat/unread-summary ............................................................. ~ 3.35ms
  2026-07-01 15:05:09 /api/leave-requests .................................................................. ~ 1.74ms
  2026-07-01 15:05:09 /api/attendance-time-edit-requests ................................................... ~ 0.09ms
  2026-07-01 15:05:09 /api/notifications ................................................................... ~ 1.30ms
  2026-07-01 15:05:10 /api/chat/unread-summary ............................................................. ~ 1.63ms
  2026-07-01 15:05:14 /api/payroll/onboarding-status ....................................................... ~ 1.07ms
  2026-07-01 15:05:17 /api/leave-requests .................................................................. ~ 0.58ms
  2026-07-01 15:05:17 /api/attendance-time-edit-requests ................................................. ~ 519.04ms
  2026-07-01 15:05:17 /api/notifications ................................................................. ~ 520.91ms
  2026-07-01 15:05:17 /api/chat/unread-summary ........................................................... ~ 522.51ms
  2026-07-01 15:05:18 /api/payroll/runs .................................................................... ~ 0.16ms
  2026-07-01 15:05:18 /api/payroll/employees ............................................................... ~ 3.20ms
  2026-07-01 15:05:19 /api/payroll/employees ............................................................... ~ 1.31ms
  2026-07-01 15:05:20 /api/payroll/loans ................................................................... ~ 0.42ms
  2026-07-01 15:05:20 /api/payroll/loans ................................................................. ~ 513.91ms
  2026-07-01 15:05:20 /api/payroll/fbp/components .......................................................... ~ 0.09ms
  2026-07-01 15:05:21 /api/payroll/fbp/components .......................................................... ~ 0.09ms
  2026-07-01 15:05:21 /api/payroll/revision-letters ........................................................ ~ 1.22ms
  2026-07-01 15:05:21 /api/payroll/revision-letters ........................................................ ~ 0.09ms
  2026-07-01 15:05:21 /api/payroll/my/declaration .......................................................... ~ 1.67ms
  2026-07-01 15:05:23 /api/payroll/my/payslips ............................................................. ~ 0.48ms
  2026-07-01 15:05:24 /api/payroll/runs .................................................................... ~ 0.33ms
  2026-07-01 15:05:24 /api/payroll/pay-groups ............................................................ ~ 511.73ms
  2026-07-01 15:05:25 /api/leave-requests .................................................................. ~ 1.88ms
  2026-07-01 15:05:25 /api/attendance-time-edit-requests ................................................... ~ 3.76ms
  2026-07-01 15:05:25 /api/notifications ................................................................... ~ 4.92ms
  2026-07-01 15:05:25 /api/chat/unread-summary ............................................................. ~ 6.50ms
  2026-07-01 15:05:33 /api/leave-requests .................................................................. ~ 1.56ms
  2026-07-01 15:05:33 /api/attendance-time-edit-requests ................................................... ~ 5.07ms
  2026-07-01 15:05:33 /api/notifications ................................................................... ~ 7.71ms
  2026-07-01 15:05:33 /api/chat/unread-summary ............................................................ ~ 10.97ms
  2026-07-01 15:05:36 /api/payroll/reimbursements .......................................................... ~ 0.28ms
  2026-07-01 15:05:36 /api/payroll/reimbursements .......................................................... ~ 0.50ms
  2026-07-01 15:05:42 /api/leave-requests .................................................................. ~ 0.44ms
  2026-07-01 15:05:42 /api/attendance-time-edit-requests ................................................... ~ 2.23ms
  2026-07-01 15:05:42 /api/notifications ................................................................. ~ 513.51ms
  2026-07-01 15:05:42 /api/chat/unread-summary ........................................................... ~ 515.31ms
  2026-07-01 15:05:49 /api/leave-requests .................................................................. ~ 0.94ms
  2026-07-01 15:05:49 /api/attendance-time-edit-requests ................................................... ~ 2.78ms
  2026-07-01 15:05:50 /api/notifications ................................................................... ~ 0.11ms
  2026-07-01 15:05:50 /api/chat/unread-summary ............................................................. ~ 1.92ms
  2026-07-01 15:05:51 /api/settings/me ..................................................................... ~ 0.93ms
  2026-07-01 15:05:51 /api/settings/billing ................................................................ ~ 0.27ms
  2026-07-01 15:05:51 /api/employees/20/workspace .......................................................... ~ 2.35ms
  2026-07-01 15:05:51 /api/settings/me ..................................................................... ~ 1.60ms
  2026-07-01 15:05:51 /api/settings/billing .............................................................. ~ 508.56ms
  2026-07-01 15:05:51 /api/employees/20/workspace ........................................................ ~ 508.22ms
  2026-07-01 15:05:51 /api/settings/me ..................................................................... ~ 1.32ms
  2026-07-01 15:05:51 /api/settings/billing ................................................................ ~ 2.14ms
  2026-07-01 15:05:51 /api/employees/20/workspace .......................................................... ~ 1.57ms
  2026-07-01 15:05:51 /api/settings/me ..................................................................... ~ 1.53ms
  2026-07-01 15:05:51 /api/settings/billing ................................................................ ~ 2.04ms
  2026-07-01 15:05:51 /api/employees/20/workspace .......................................................... ~ 2.60ms
  2026-07-01 15:05:56 /api/auth/me ....................................................................... ~ 502.50ms
  2026-07-01 15:05:56 /api/auth/me ......................................................................... ~ 0.37ms
  2026-07-01 15:05:56 /api/auth/me ......................................................................... ~ 6.04ms
  2026-07-01 15:05:56 /api/auth/me ......................................................................... ~ 0.24ms
  2026-07-01 15:05:57 /api/settings/me ..................................................................... ~ 0.39ms
  2026-07-01 15:05:57 /api/settings/billing ................................................................ ~ 5.36ms
  2026-07-01 15:05:57 /api/employees/20/workspace .......................................................... ~ 8.36ms
  2026-07-01 15:05:57 /api/users ........................................................................... ~ 4.84ms
  2026-07-01 15:05:57 /api/leave-requests .................................................................. ~ 2.74ms
  2026-07-01 15:05:57 /api/attendance-time-edit-requests ................................................... ~ 1.85ms
  2026-07-01 15:05:57 /api/notifications ................................................................... ~ 1.31ms
  2026-07-01 15:05:57 /api/users ......................................................................... ~ 513.68ms
  2026-07-01 15:05:57 /api/chat/unread-summary ........................................................... ~ 513.93ms
  2026-07-01 15:05:57 /api/settings/me ..................................................................... ~ 2.19ms
  2026-07-01 15:05:57 /api/settings/billing ................................................................ ~ 2.20ms
  2026-07-01 15:05:57 /api/employees/20/workspace .......................................................... ~ 1.67ms
  2026-07-01 15:05:57 /api/users ........................................................................... ~ 2.00ms
  2026-07-01 15:05:57 /api/leave-requests .................................................................. ~ 2.20ms
  2026-07-01 15:05:57 /api/attendance-time-edit-requests ................................................... ~ 1.91ms
  2026-07-01 15:05:57 /api/notifications ................................................................... ~ 2.14ms
  2026-07-01 15:05:57 /api/chat/unread-summary ............................................................. ~ 1.96ms
  2026-07-01 15:05:57 /api/settings/me ..................................................................... ~ 1.64ms
  2026-07-01 15:05:57 /api/settings/billing ................................................................ ~ 1.79ms
  2026-07-01 15:05:57 /api/users ........................................................................... ~ 2.09ms
  2026-07-01 15:06:00 /api/payroll/onboarding-status ....................................................... ~ 0.35ms
  2026-07-01 15:06:00 /api/payroll/runs .................................................................... ~ 5.17ms
  2026-07-01 15:06:00 /api/payroll/pay-groups .............................................................. ~ 7.25ms
  2026-07-01 15:06:05 /api/leave-requests ................................................................ ~ 515.17ms
  2026-07-01 15:06:05 /api/attendance-time-edit-requests ................................................... ~ 0.12ms
  2026-07-01 15:06:05 /api/notifications ................................................................... ~ 2.72ms
  2026-07-01 15:06:05 /api/chat/unread-summary ............................................................. ~ 3.85ms
  2026-07-01 15:06:05 /api/payroll/my/payslips ............................................................. ~ 0.98ms
  2026-07-01 15:06:13 /api/leave-requests .................................................................. ~ 1.14ms
  2026-07-01 15:06:13 /api/attendance-time-edit-requests ................................................... ~ 6.83ms
  2026-07-01 15:06:13 /api/notifications ................................................................... ~ 7.98ms
  2026-07-01 15:06:13 /api/chat/unread-summary ............................................................. ~ 3.12ms
  2026-07-01 15:06:13 /api/settings/me ..................................................................... ~ 0.99ms
  2026-07-01 15:06:13 /api/settings/billing ................................................................ ~ 2.95ms
  2026-07-01 15:06:13 /api/employees/20/workspace .......................................................... ~ 4.39ms
  2026-07-01 15:06:13 /api/settings/me ..................................................................... ~ 3.24ms
  2026-07-01 15:06:13 /api/settings/billing ................................................................ ~ 1.86ms
  2026-07-01 15:06:14 /api/employees/20/workspace .......................................................... ~ 1.63ms
  2026-07-01 15:06:17 /api/auth/me ....................................................................... ~ 512.67ms
  2026-07-01 15:06:17 /api/auth/me ......................................................................... ~ 0.09ms
  2026-07-01 15:06:17 /api/settings/me ..................................................................... ~ 0.11ms
  2026-07-01 15:06:17 /api/settings/billing ................................................................ ~ 2.57ms
  2026-07-01 15:06:18 /api/employees/20/workspace .......................................................... ~ 1.93ms
  2026-07-01 15:06:18 /api/leave-requests .................................................................. ~ 1.42ms
  2026-07-01 15:06:18 /api/attendance-time-edit-requests ................................................... ~ 2.21ms
  2026-07-01 15:06:18 /api/notifications ................................................................... ~ 1.70ms
  2026-07-01 15:06:18 /api/chat/unread-summary ............................................................. ~ 2.07ms
  2026-07-01 15:06:18 /api/users ........................................................................... ~ 1.95ms
  2026-07-01 15:06:18 /api/settings/me ..................................................................... ~ 2.42ms
  2026-07-01 15:06:18 /api/settings/billing ................................................................ ~ 1.96ms
  2026-07-01 15:06:18 /api/employees/20/workspace ........................................................ ~ 508.93ms
  2026-07-01 15:06:18 /api/leave-requests ................................................................ ~ 508.80ms
  2026-07-01 15:06:18 /api/attendance-time-edit-requests ................................................... ~ 2.07ms
  2026-07-01 15:06:18 /api/notifications ................................................................... ~ 1.85ms
  2026-07-01 15:06:18 /api/chat/unread-summary ............................................................. ~ 1.94ms
  2026-07-01 15:06:18 /api/users ........................................................................... ~ 1.72ms
  2026-07-01 15:06:18 /api/settings/me ..................................................................... ~ 1.91ms
  2026-07-01 15:06:18 /api/settings/billing ................................................................ ~ 1.94ms
  2026-07-01 15:06:26 /api/leave-requests .................................................................. ~ 0.32ms
  2026-07-01 15:06:26 /api/attendance-time-edit-requests ................................................... ~ 2.10ms
  2026-07-01 15:06:26 /api/notifications ................................................................... ~ 3.49ms
  2026-07-01 15:06:26 /api/chat/unread-summary ............................................................. ~ 5.16ms
  2026-07-01 15:06:34 /api/leave-requests .................................................................. ~ 1.33ms
  2026-07-01 15:06:34 /api/attendance-time-edit-requests ................................................... ~ 3.55ms
  2026-07-01 15:06:34 /api/notifications ................................................................... ~ 4.74ms
  2026-07-01 15:06:34 /api/chat/unread-summary ............................................................. ~ 2.91ms
  2026-07-01 15:06:42 /api/leave-requests .................................................................. ~ 0.70ms
  2026-07-01 15:06:42 /api/attendance-time-edit-requests ................................................... ~ 2.38ms
  2026-07-01 15:06:42 /api/notifications ................................................................... ~ 3.66ms
  2026-07-01 15:06:42 /api/chat/unread-summary ............................................................. ~ 3.32ms
  2026-07-01 15:06:50 /api/leave-requests .................................................................. ~ 0.30ms
  2026-07-01 15:06:50 /api/attendance-time-edit-requests ................................................... ~ 2.40ms
  2026-07-01 15:06:50 /api/notifications ................................................................... ~ 3.47ms
  2026-07-01 15:06:50 /api/chat/unread-summary ............................................................. ~ 2.65ms
  2026-07-01 15:06:58 /api/leave-requests .................................................................. ~ 0.92ms
  2026-07-01 15:06:58 /api/attendance-time-edit-requests ................................................... ~ 2.43ms
  2026-07-01 15:06:58 /api/notifications ................................................................... ~ 1.91ms
  2026-07-01 15:06:58 /api/chat/unread-summary ............................................................. ~ 1.55ms
  2026-07-01 15:07:06 /api/leave-requests .................................................................. ~ 1.11ms
  2026-07-01 15:07:06 /api/attendance-time-edit-requests ................................................... ~ 2.68ms
  2026-07-01 15:07:06 /api/notifications ................................................................... ~ 4.37ms
  2026-07-01 15:07:06 /api/chat/unread-summary ............................................................. ~ 6.01ms
  2026-07-01 15:07:14 /api/leave-requests .................................................................. ~ 0.99ms
  2026-07-01 15:07:14 /api/attendance-time-edit-requests ................................................... ~ 0.09ms
  2026-07-01 15:07:14 /api/notifications ................................................................... ~ 1.58ms
  2026-07-01 15:07:14 /api/chat/unread-summary ............................................................. ~ 1.59ms
  2026-07-01 15:08:02 /api/leave-requests .................................................................. ~ 0.25ms
  2026-07-01 15:08:02 /api/attendance-time-edit-requests ................................................... ~ 0.11ms
  2026-07-01 15:08:02 /api/notifications ................................................................... ~ 1.86ms
  2026-07-01 15:08:03 /api/chat/unread-summary ........................................................... ~ 509.39ms
  2026-07-01 15:09:02 /api/leave-requests .................................................................. ~ 1.28ms
  2026-07-01 15:09:02 /api/attendance-time-edit-requests ................................................... ~ 3.03ms
  2026-07-01 15:09:02 /api/notifications ................................................................... ~ 4.25ms
  2026-07-01 15:09:02 /api/chat/unread-summary ............................................................. ~ 3.28ms
  2026-07-01 15:10:02 /api/leave-requests .................................................................. ~ 0.32ms
  2026-07-01 15:10:02 /api/attendance-time-edit-requests ................................................... ~ 2.41ms
  2026-07-01 15:10:02 /api/notifications ................................................................... ~ 1.27ms
  2026-07-01 15:10:02 /api/chat/unread-summary ............................................................. ~ 1.70ms
  2026-07-01 15:11:02 /api/leave-requests .................................................................. ~ 1.06ms
  2026-07-01 15:11:02 /api/attendance-time-edit-requests ................................................... ~ 3.07ms
  2026-07-01 15:11:02 /api/notifications ................................................................... ~ 4.44ms
  2026-07-01 15:11:02 /api/chat/unread-summary ............................................................. ~ 3.10ms
  2026-07-01 15:12:02 /api/leave-requests .................................................................. ~ 0.37ms
  2026-07-01 15:12:02 /api/attendance-time-edit-requests ................................................... ~ 2.31ms
  2026-07-01 15:12:02 /api/notifications ................................................................... ~ 3.73ms
  2026-07-01 15:12:02 /api/chat/unread-summary ............................................................. ~ 5.25ms
  2026-07-01 15:13:02 /api/leave-requests .................................................................. ~ 0.46ms
  2026-07-01 15:13:02 /api/attendance-time-edit-requests ................................................. ~ 512.90ms
  2026-07-01 15:13:02 /api/notifications ................................................................. ~ 514.08ms
  2026-07-01 15:13:02 /api/chat/unread-summary ........................................................... ~ 515.74ms
  2026-07-01 15:14:02 /api/leave-requests .................................................................. ~ 1.08ms
  2026-07-01 15:14:02 /api/attendance-time-edit-requests ................................................... ~ 0.10ms
  2026-07-01 15:14:02 /api/notifications ................................................................... ~ 1.79ms
  2026-07-01 15:14:03 /api/chat/unread-summary ............................................................. ~ 2.06ms
  2026-07-01 15:15:02 /api/leave-requests ................................................................ ~ 514.21ms
  2026-07-01 15:15:02 /api/attendance-time-edit-requests ................................................. ~ 515.67ms
  2026-07-01 15:15:02 /api/notifications ................................................................... ~ 1.47ms
  2026-07-01 15:15:02 /api/chat/unread-summary ............................................................. ~ 2.27ms
  2026-07-01 15:16:02 /api/leave-requests .................................................................. ~ 1.13ms
  2026-07-01 15:16:02 /api/attendance-time-edit-requests ................................................... ~ 2.69ms
  2026-07-01 15:16:02 /api/notifications ................................................................... ~ 1.31ms
  2026-07-01 15:16:02 /api/chat/unread-summary ............................................................. ~ 2.18ms
  2026-07-01 15:17:02 /api/leave-requests .................................................................. ~ 0.97ms
  2026-07-01 15:17:02 /api/attendance-time-edit-requests ................................................... ~ 2.78ms
  2026-07-01 15:17:02 /api/notifications ................................................................... ~ 1.66ms
  2026-07-01 15:17:03 /api/chat/unread-summary ............................................................. ~ 2.09ms
  2026-07-01 15:18:02 /api/leave-requests .................................................................. ~ 0.29ms
  2026-07-01 15:18:02 /api/attendance-time-edit-requests ................................................. ~ 514.89ms
  2026-07-01 15:18:02 /api/notifications ................................................................. ~ 514.13ms
  2026-07-01 15:18:02 /api/chat/unread-summary ............................................................. ~ 2.18ms
  2026-07-01 15:19:02 /api/leave-requests .................................................................. ~ 1.24ms
  2026-07-01 15:19:02 /api/attendance-time-edit-requests ................................................... ~ 2.82ms
  2026-07-01 15:19:02 /api/notifications ................................................................... ~ 4.06ms
  2026-07-01 15:19:02 /api/chat/unread-summary ............................................................. ~ 6.32ms
  2026-07-01 15:20:02 /api/leave-requests ................................................................ ~ 515.67ms
  2026-07-01 15:20:02 /api/attendance-time-edit-requests ................................................. ~ 517.53ms
  2026-07-01 15:20:03 /api/notifications ................................................................... ~ 1.43ms
  2026-07-01 15:20:03 /api/chat/unread-summary ............................................................. ~ 1.62ms
  2026-07-01 15:21:02 /api/leave-requests .................................................................. ~ 1.14ms
  2026-07-01 15:21:02 /api/attendance-time-edit-requests ................................................... ~ 3.23ms
  2026-07-01 15:21:02 /api/notifications ................................................................... ~ 1.92ms
  2026-07-01 15:21:02 /api/chat/unread-summary ............................................................. ~ 1.69ms
  2026-07-01 15:22:02 /api/leave-requests .................................................................. ~ 1.02ms
  2026-07-01 15:22:02 /api/attendance-time-edit-requests ................................................... ~ 3.03ms
  2026-07-01 15:22:02 /api/notifications ................................................................... ~ 1.85ms
  2026-07-01 15:22:02 /api/chat/unread-summary ............................................................. ~ 1.75ms
  2026-07-01 15:23:02 /api/leave-requests .................................................................. ~ 0.97ms
  2026-07-01 15:23:02 /api/attendance-time-edit-requests ................................................... ~ 0.12ms
  2026-07-01 15:23:02 /api/notifications ................................................................... ~ 1.32ms
  2026-07-01 15:23:03 /api/chat/unread-summary ............................................................. ~ 1.64ms
  2026-07-01 15:24:02 /api/leave-requests .................................................................. ~ 0.32ms
  2026-07-01 15:24:02 /api/attendance-time-edit-requests ................................................. ~ 511.99ms
  2026-07-01 15:24:02 /api/notifications ................................................................. ~ 513.19ms
  2026-07-01 15:24:03 /api/chat/unread-summary ............................................................. ~ 2.18ms
  2026-07-01 15:25:02 /api/leave-requests .................................................................. ~ 1.04ms
  2026-07-01 15:25:02 /api/attendance-time-edit-requests ................................................... ~ 0.10ms
  2026-07-01 15:25:02 /api/notifications ................................................................... ~ 1.73ms
  2026-07-01 15:25:02 /api/chat/unread-summary ............................................................. ~ 1.59ms
  2026-07-01 15:26:02 /api/leave-requests .................................................................. ~ 1.16ms
  2026-07-01 15:26:03 /api/attendance-time-edit-requests ................................................... ~ 0.11ms
  2026-07-01 15:26:03 /api/notifications ................................................................... ~ 2.22ms
  2026-07-01 15:26:03 /api/chat/unread-summary ............................................................. ~ 1.87ms
  2026-07-01 15:27:02 /api/leave-requests .................................................................. ~ 1.05ms
  2026-07-01 15:27:02 /api/attendance-time-edit-requests ................................................... ~ 0.13ms
  2026-07-01 15:27:02 /api/notifications ................................................................... ~ 1.41ms
  2026-07-01 15:27:02 /api/chat/unread-summary ........................................................... ~ 511.68ms
  2026-07-01 15:27:02 /api/leave-requests ................................................................ ~ 511.58ms
  2026-07-01 15:27:02 /api/attendance-time-edit-requests ................................................... ~ 1.55ms
  2026-07-01 15:27:03 /api/notifications ................................................................... ~ 1.91ms
  2026-07-01 15:27:03 /api/chat/unread-summary ............................................................. ~ 1.94ms
  2026-07-01 15:28:02 /api/leave-requests .................................................................. ~ 0.58ms
  2026-07-01 15:28:02 /api/attendance-time-edit-requests ................................................... ~ 2.81ms
  2026-07-01 15:28:02 /api/notifications ................................................................... ~ 1.46ms
  2026-07-01 15:28:02 /api/chat/unread-summary ............................................................. ~ 1.75ms
  2026-07-01 15:29:02 /api/leave-requests .................................................................. ~ 1.05ms
  2026-07-01 15:29:02 /api/attendance-time-edit-requests ................................................... ~ 2.83ms
  2026-07-01 15:29:03 /api/notifications ................................................................... ~ 0.20ms
  2026-07-01 15:29:03 /api/chat/unread-summary ............................................................. ~ 2.18ms
  2026-07-01 15:30:02 /api/leave-requests .................................................................. ~ 1.37ms
  2026-07-01 15:30:02 /api/attendance-time-edit-requests ................................................... ~ 3.31ms
  2026-07-01 15:30:02 /api/notifications ................................................................... ~ 1.25ms
  2026-07-01 15:30:02 /api/chat/unread-summary ............................................................. ~ 2.16ms
  2026-07-01 15:31:02 /api/leave-requests .................................................................. ~ 0.35ms
  2026-07-01 15:31:02 /api/attendance-time-edit-requests ................................................... ~ 1.93ms
  2026-07-01 15:31:02 /api/notifications ................................................................... ~ 1.23ms
  2026-07-01 15:31:02 /api/chat/unread-summary ............................................................. ~ 1.49ms
  2026-07-01 15:32:02 /api/leave-requests .................................................................. ~ 0.84ms
  2026-07-01 15:32:03 /api/attendance-time-edit-requests ................................................... ~ 0.12ms
  2026-07-01 15:32:03 /api/notifications ................................................................... ~ 1.67ms
  2026-07-01 15:32:03 /api/chat/unread-summary ............................................................. ~ 1.71ms
  2026-07-01 15:33:02 /api/leave-requests .................................................................. ~ 1.15ms
  2026-07-01 15:33:02 /api/attendance-time-edit-requests ................................................... ~ 0.24ms
  2026-07-01 15:33:02 /api/notifications ................................................................... ~ 2.00ms
  2026-07-01 15:33:02 /api/chat/unread-summary ............................................................. ~ 1.67ms
  2026-07-01 15:34:02 /api/leave-requests .................................................................. ~ 1.06ms
  2026-07-01 15:34:02 /api/attendance-time-edit-requests ................................................... ~ 6.97ms
  2026-07-01 15:34:02 /api/notifications ................................................................... ~ 1.58ms
  2026-07-01 15:34:03 /api/chat/unread-summary ............................................................. ~ 2.10ms
  2026-07-01 15:35:02 /api/leave-requests ................................................................ ~ 513.66ms
  2026-07-01 15:35:02 /api/attendance-time-edit-requests ................................................. ~ 515.36ms
  2026-07-01 15:35:03 /api/notifications ................................................................... ~ 1.62ms
  2026-07-01 15:35:03 /api/chat/unread-summary ............................................................. ~ 1.98ms
  2026-07-01 15:36:02 /api/leave-requests .................................................................. ~ 0.28ms
  2026-07-01 15:36:02 /api/attendance-time-edit-requests ................................................... ~ 2.33ms
  2026-07-01 15:36:02 /api/notifications ................................................................... ~ 1.84ms
  2026-07-01 15:36:02 /api/chat/unread-summary ............................................................. ~ 1.58ms
  2026-07-01 15:37:02 /api/leave-requests .................................................................. ~ 0.60ms
  2026-07-01 15:37:02 /api/attendance-time-edit-requests ................................................... ~ 0.18ms
  2026-07-01 15:37:02 /api/notifications ................................................................... ~ 1.57ms
  2026-07-01 15:37:02 /api/chat/unread-summary ............................................................. ~ 2.33ms
  2026-07-01 15:38:02 /api/leave-requests .................................................................. ~ 0.37ms
  2026-07-01 15:38:02 /api/attendance-time-edit-requests ................................................. ~ 517.69ms
  2026-07-01 15:38:02 /api/notifications ................................................................. ~ 519.03ms
  2026-07-01 15:38:03 /api/chat/unread-summary ........................................................... ~ 518.00ms
  2026-07-01 15:39:02 /api/leave-requests .................................................................. ~ 1.08ms
  2026-07-01 15:39:02 /api/attendance-time-edit-requests ................................................... ~ 0.18ms
  2026-07-01 15:39:02 /api/notifications ................................................................... ~ 1.96ms
  2026-07-01 15:39:02 /api/chat/unread-summary ............................................................. ~ 2.58ms
  2026-07-01 15:40:02 /api/leave-requests ................................................................ ~ 513.01ms
  2026-07-01 15:40:02 /api/attendance-time-edit-requests ................................................. ~ 517.39ms
  2026-07-01 15:40:02 /api/notifications ................................................................. ~ 519.84ms
  2026-07-01 15:40:02 /api/chat/unread-summary ........................................................... ~ 524.75ms
  2026-07-01 15:41:02 /api/leave-requests .................................................................. ~ 0.37ms
  2026-07-01 15:41:03 /api/attendance-time-edit-requests ................................................... ~ 0.37ms
  2026-07-01 15:41:03 /api/notifications ................................................................... ~ 2.81ms
  2026-07-01 15:41:03 /api/chat/unread-summary ........................................................... ~ 513.70ms
  2026-07-01 15:42:02 /api/leave-requests .................................................................. ~ 1.06ms
  2026-07-01 15:42:02 /api/attendance-time-edit-requests ................................................... ~ 4.73ms
  2026-07-01 15:42:02 /api/notifications ................................................................... ~ 2.51ms
  2026-07-01 15:42:03 /api/chat/unread-summary ............................................................. ~ 3.32ms
  2026-07-01 15:43:02 /api/leave-requests .................................................................. ~ 0.33ms
  2026-07-01 15:43:02 /api/attendance-time-edit-requests ................................................... ~ 2.07ms
  2026-07-01 15:43:02 /api/notifications ................................................................. ~ 516.32ms
  2026-07-01 15:43:02 /api/chat/unread-summary ........................................................... ~ 517.84ms
  2026-07-01 15:43:41 /api/leave-requests ................................................................ ~ 504.35ms
  2026-07-01 15:43:41 /api/attendance-time-edit-requests ................................................. ~ 506.14ms
  2026-07-01 15:43:41 /api/notifications ................................................................. ~ 507.53ms
  2026-07-01 15:43:41 /api/chat/unread-summary ............................................................. ~ 3.12ms
  2026-07-01 15:43:45 /api/leave-requests .................................................................. ~ 0.93ms
  2026-07-01 15:43:45 /api/attendance-time-edit-requests ................................................... ~ 6.07ms
  2026-07-01 15:43:45 /api/notifications .................................................................. ~ 13.24ms
  2026-07-01 15:43:45 /api/chat/unread-summary ............................................................ ~ 19.57ms
  2026-07-01 15:43:54 /api/leave-requests .................................................................. ~ 1.17ms
  2026-07-01 15:43:54 /api/attendance-time-edit-requests ................................................... ~ 2.73ms
  2026-07-01 15:43:54 /api/notifications ................................................................... ~ 1.88ms
  2026-07-01 15:43:54 /api/chat/unread-summary ............................................................. ~ 1.67ms
  2026-07-01 15:44:02 /api/leave-requests .................................................................. ~ 1.05ms
  2026-07-01 15:44:02 /api/attendance-time-edit-requests ................................................... ~ 2.91ms
  2026-07-01 15:44:02 /api/notifications ................................................................... ~ 4.36ms
  2026-07-01 15:44:02 /api/chat/unread-summary ............................................................. ~ 3.78ms
  2026-07-01 15:44:10 /api/leave-requests .................................................................. ~ 0.36ms
  2026-07-01 15:44:10 /api/attendance-time-edit-requests ................................................. ~ 510.85ms
  2026-07-01 15:44:10 /api/notifications ................................................................. ~ 512.13ms
  2026-07-01 15:44:10 /api/chat/unread-summary ........................................................... ~ 511.64ms
  2026-07-01 15:44:18 /api/leave-requests .................................................................. ~ 0.54ms
  2026-07-01 15:44:18 /api/attendance-time-edit-requests ................................................... ~ 2.68ms
  2026-07-01 15:44:18 /api/notifications ................................................................... ~ 4.05ms
  2026-07-01 15:44:18 /api/chat/unread-summary ............................................................. ~ 3.20ms
  2026-07-01 15:44:26 /api/leave-requests .................................................................. ~ 0.85ms
  2026-07-01 15:44:26 /api/attendance-time-edit-requests ................................................... ~ 2.63ms
  2026-07-01 15:44:26 /api/notifications ................................................................... ~ 1.83ms
  2026-07-01 15:44:26 /api/chat/unread-summary ............................................................. ~ 1.60ms
  2026-07-01 15:44:34 /api/leave-requests .................................................................. ~ 0.29ms
  2026-07-01 15:44:34 /api/attendance-time-edit-requests ................................................. ~ 503.62ms
  2026-07-01 15:44:34 /api/notifications ................................................................. ~ 504.90ms
  2026-07-01 15:44:34 /api/chat/unread-summary ........................................................... ~ 506.69ms
  2026-07-01 15:44:42 /api/leave-requests .................................................................. ~ 1.05ms
  2026-07-01 15:44:42 /api/attendance-time-edit-requests ................................................... ~ 3.10ms
  2026-07-01 15:44:42 /api/notifications ................................................................... ~ 4.18ms
  2026-07-01 15:44:42 /api/chat/unread-summary ............................................................. ~ 2.62ms
  2026-07-01 15:44:50 /api/leave-requests .................................................................. ~ 1.15ms
  2026-07-01 15:44:50 /api/attendance-time-edit-requests ................................................... ~ 3.50ms
  2026-07-01 15:44:50 /api/notifications ................................................................... ~ 4.80ms
  2026-07-01 15:44:50 /api/chat/unread-summary ............................................................. ~ 3.10ms
  2026-07-01 15:45:02 /api/leave-requests .................................................................. ~ 0.34ms
  2026-07-01 15:45:02 /api/attendance-time-edit-requests ................................................... ~ 2.07ms
  2026-07-01 15:45:02 /api/notifications ................................................................... ~ 3.57ms
  2026-07-01 15:45:02 /api/chat/unread-summary ............................................................. ~ 3.19ms
  2026-07-01 15:46:02 /api/leave-requests .................................................................. ~ 1.17ms
  2026-07-01 15:46:02 /api/attendance-time-edit-requests ................................................... ~ 2.75ms
  2026-07-01 15:46:03 /api/notifications ................................................................... ~ 1.48ms
  2026-07-01 15:46:03 /api/chat/unread-summary ............................................................. ~ 2.22ms
  2026-07-01 15:47:02 /api/leave-requests ................................................................ ~ 514.93ms
  2026-07-01 15:47:02 /api/attendance-time-edit-requests ................................................... ~ 0.10ms
  2026-07-01 15:47:02 /api/notifications ................................................................... ~ 1.26ms
  2026-07-01 15:47:02 /api/chat/unread-summary ............................................................. ~ 1.97ms
  2026-07-01 15:48:02 /api/leave-requests .................................................................. ~ 1.13ms
  2026-07-01 15:48:02 /api/attendance-time-edit-requests ................................................... ~ 2.69ms
  2026-07-01 15:48:02 /api/notifications ................................................................... ~ 3.93ms
  2026-07-01 15:48:02 /api/chat/unread-summary ............................................................. ~ 5.84ms
  2026-07-01 15:49:02 /api/leave-requests ................................................................ ~ 512.79ms
  2026-07-01 15:49:02 /api/attendance-time-edit-requests ................................................. ~ 514.60ms
  2026-07-01 15:49:02 /api/notifications ................................................................. ~ 515.86ms
  2026-07-01 15:49:03 /api/chat/unread-summary ............................................................. ~ 3.18ms
  2026-07-01 15:50:02 /api/leave-requests .................................................................. ~ 1.08ms
  2026-07-01 15:50:02 /api/attendance-time-edit-requests ................................................... ~ 2.61ms
  2026-07-01 15:50:02 /api/notifications ................................................................... ~ 3.72ms
  2026-07-01 15:50:02 /api/chat/unread-summary ............................................................. ~ 2.62ms
  2026-07-01 15:51:02 /api/leave-requests .................................................................. ~ 0.34ms
  2026-07-01 15:51:02 /api/attendance-time-edit-requests ................................................... ~ 1.91ms
  2026-07-01 15:51:02 /api/notifications ................................................................... ~ 3.02ms
  2026-07-01 15:51:02 /api/chat/unread-summary ............................................................. ~ 2.89ms
  2026-07-01 15:52:02 /api/leave-requests .................................................................. ~ 1.10ms
  2026-07-01 15:52:02 /api/attendance-time-edit-requests ................................................... ~ 3.30ms
  2026-07-01 15:52:02 /api/notifications ................................................................... ~ 4.43ms
  2026-07-01 15:52:03 /api/chat/unread-summary ............................................................. ~ 2.68ms
  2026-07-01 15:53:02 /api/leave-requests .................................................................. ~ 1.19ms
  2026-07-01 15:53:02 /api/attendance-time-edit-requests ................................................... ~ 2.84ms
  2026-07-01 15:53:02 /api/notifications ................................................................... ~ 1.48ms
  2026-07-01 15:53:02 /api/chat/unread-summary ............................................................. ~ 1.60ms
  2026-07-01 15:54:02 /api/leave-requests .................................................................. ~ 0.33ms
  2026-07-01 15:54:02 /api/attendance-time-edit-requests ................................................. ~ 510.48ms
  2026-07-01 15:54:02 /api/notifications ................................................................. ~ 511.63ms
  2026-07-01 15:54:02 /api/chat/unread-summary ............................................................. ~ 1.61ms
  2026-07-01 15:55:02 /api/leave-requests .................................................................. ~ 0.26ms
  2026-07-01 15:55:03 /api/attendance-time-edit-requests ................................................... ~ 0.11ms
  2026-07-01 15:55:03 /api/notifications ................................................................... ~ 1.43ms
  2026-07-01 15:55:03 /api/chat/unread-summary ............................................................. ~ 1.86ms
  2026-07-01 15:56:02 /api/leave-requests .................................................................. ~ 0.44ms
  2026-07-01 15:56:02 /api/attendance-time-edit-requests ................................................... ~ 2.13ms
  2026-07-01 15:56:02 /api/notifications ................................................................... ~ 3.26ms
  2026-07-01 15:56:02 /api/chat/unread-summary ............................................................. ~ 5.02ms
  2026-07-01 15:56:39 /api/leave-requests .................................................................. ~ 1.05ms
  2026-07-01 15:56:39 /api/attendance-time-edit-requests ................................................... ~ 0.12ms
  2026-07-01 15:56:39 /api/notifications ................................................................... ~ 1.42ms
  2026-07-01 15:56:40 /api/chat/unread-summary ............................................................. ~ 2.02ms
  2026-07-01 15:56:40 /api/users ........................................................................... ~ 1.94ms
  2026-07-01 15:56:48 /api/leave-requests .................................................................. ~ 0.42ms
  2026-07-01 15:56:48 /api/attendance-time-edit-requests ................................................... ~ 2.10ms
  2026-07-01 15:56:48 /api/notifications ................................................................... ~ 1.34ms
  2026-07-01 15:56:48 /api/chat/unread-summary ............................................................. ~ 1.66ms
  2026-07-01 15:56:56 /api/leave-requests .................................................................. ~ 0.34ms
  2026-07-01 15:56:56 /api/attendance-time-edit-requests ................................................... ~ 0.10ms
  2026-07-01 15:56:56 /api/notifications ................................................................... ~ 1.22ms
  2026-07-01 15:56:56 /api/chat/unread-summary ............................................................. ~ 1.95ms
  2026-07-01 15:57:04 /api/leave-requests ................................................................ ~ 512.45ms
  2026-07-01 15:57:04 /api/attendance-time-edit-requests ................................................. ~ 514.16ms
  2026-07-01 15:57:05 /api/notifications ................................................................... ~ 1.22ms
  2026-07-01 15:57:05 /api/chat/unread-summary ............................................................. ~ 1.82ms
  2026-07-01 15:57:12 /api/leave-requests .................................................................. ~ 1.39ms
  2026-07-01 15:57:12 /api/attendance-time-edit-requests ................................................... ~ 3.55ms
  2026-07-01 15:57:12 /api/notifications ................................................................... ~ 4.66ms
  2026-07-01 15:57:12 /api/chat/unread-summary ............................................................. ~ 6.23ms
  2026-07-01 15:57:20 /api/leave-requests .................................................................. ~ 1.24ms
  2026-07-01 15:57:20 /api/attendance-time-edit-requests ................................................... ~ 3.02ms
  2026-07-01 15:57:20 /api/notifications ................................................................... ~ 4.16ms
  2026-07-01 15:57:20 /api/chat/unread-summary ............................................................. ~ 5.63ms
  2026-07-01 15:58:02 /api/leave-requests .................................................................. ~ 1.49ms
  2026-07-01 15:58:02 /api/attendance-time-edit-requests ................................................... ~ 3.83ms
  2026-07-01 15:58:02 /api/notifications ................................................................... ~ 5.48ms
  2026-07-01 15:58:02 /api/chat/unread-summary ............................................................. ~ 3.65ms
  2026-07-01 15:59:02 /api/leave-requests .................................................................. ~ 0.97ms
  2026-07-01 15:59:02 /api/attendance-time-edit-requests ................................................... ~ 2.55ms
  2026-07-01 15:59:02 /api/notifications ................................................................... ~ 1.85ms
  2026-07-01 15:59:02 /api/chat/unread-summary ............................................................. ~ 2.01ms
  2026-07-01 16:00:02 /api/leave-requests ................................................................ ~ 508.50ms
  2026-07-01 16:00:02 /api/attendance-time-edit-requests ................................................. ~ 510.05ms
  2026-07-01 16:00:02 /api/notifications ................................................................... ~ 1.15ms
  2026-07-01 16:00:03 /api/chat/unread-summary ............................................................. ~ 1.62ms
  2026-07-01 16:01:02 /api/leave-requests .................................................................. ~ 0.96ms
  2026-07-01 16:01:02 /api/attendance-time-edit-requests ................................................... ~ 2.65ms
  2026-07-01 16:01:02 /api/notifications ................................................................... ~ 1.32ms
  2026-07-01 16:01:02 /api/chat/unread-summary ............................................................. ~ 2.30ms
  2026-07-01 16:02:02 /api/leave-requests .................................................................. ~ 0.44ms
  2026-07-01 16:02:02 /api/attendance-time-edit-requests ................................................... ~ 2.05ms
  2026-07-01 16:02:02 /api/notifications ................................................................... ~ 1.21ms
  2026-07-01 16:02:02 /api/chat/unread-summary ............................................................. ~ 2.10ms
  2026-07-01 16:03:02 /api/leave-requests .................................................................. ~ 0.98ms
  2026-07-01 16:03:02 /api/attendance-time-edit-requests ................................................... ~ 3.18ms
  2026-07-01 16:03:03 /api/notifications ................................................................... ~ 1.29ms
  2026-07-01 16:03:03 /api/chat/unread-summary ............................................................. ~ 1.77ms
  2026-07-01 16:04:02 /api/leave-requests .................................................................. ~ 0.28ms
  2026-07-01 16:04:02 /api/attendance-time-edit-requests ................................................... ~ 0.12ms
  2026-07-01 16:04:02 /api/notifications ................................................................... ~ 1.51ms
  2026-07-01 16:04:02 /api/chat/unread-summary ............................................................. ~ 1.65ms
  2026-07-01 16:05:02 /api/leave-requests .................................................................. ~ 1.07ms
  2026-07-01 16:05:02 /api/attendance-time-edit-requests ................................................... ~ 2.76ms
  2026-07-01 16:05:02 /api/notifications ................................................................... ~ 3.86ms
  2026-07-01 16:05:02 /api/chat/unread-summary ............................................................. ~ 5.33ms
  2026-07-01 16:06:02 /api/leave-requests .................................................................. ~ 0.31ms
  2026-07-01 16:06:02 /api/attendance-time-edit-requests ................................................... ~ 1.87ms
  2026-07-01 16:06:02 /api/notifications ................................................................... ~ 2.97ms
  2026-07-01 16:06:02 /api/chat/unread-summary ............................................................. ~ 4.88ms
  2026-07-01 16:07:02 /api/leave-requests .................................................................. ~ 1.47ms
  2026-07-01 16:07:02 /api/attendance-time-edit-requests ................................................... ~ 0.11ms
  2026-07-01 16:07:02 /api/notifications ................................................................... ~ 1.32ms
  2026-07-01 16:07:02 /api/chat/unread-summary ............................................................. ~ 1.59ms
  2026-07-01 16:08:02 /api/leave-requests .................................................................. ~ 1.13ms
  2026-07-01 16:08:02 /api/attendance-time-edit-requests ................................................... ~ 2.73ms
  2026-07-01 16:08:02 /api/notifications ................................................................... ~ 3.82ms
  2026-07-01 16:08:02 /api/chat/unread-summary ............................................................. ~ 3.12ms
  2026-07-01 16:09:02 /api/leave-requests ................................................................ ~ 515.25ms
  2026-07-01 16:09:03 /api/attendance-time-edit-requests ................................................... ~ 0.10ms
  2026-07-01 16:09:03 /api/notifications ................................................................... ~ 1.43ms
  2026-07-01 16:09:03 /api/chat/unread-summary ............................................................. ~ 1.96ms
  2026-07-01 16:10:02 /api/leave-requests .................................................................. ~ 1.18ms
  2026-07-01 16:10:02 /api/attendance-time-edit-requests ................................................... ~ 2.73ms
  2026-07-01 16:10:02 /api/notifications ................................................................... ~ 3.76ms
  2026-07-01 16:10:02 /api/chat/unread-summary ............................................................. ~ 2.69ms
  2026-07-01 16:11:02 /api/leave-requests .................................................................. ~ 0.31ms
  2026-07-01 16:11:02 /api/attendance-time-edit-requests ................................................... ~ 2.04ms
  2026-07-01 16:11:02 /api/notifications ................................................................... ~ 3.52ms
  2026-07-01 16:11:02 /api/chat/unread-summary ............................................................. ~ 3.30ms
  2026-07-01 16:12:02 /api/leave-requests .................................................................. ~ 1.03ms
  2026-07-01 16:12:02 /api/attendance-time-edit-requests .................................................. ~ 17.03ms
  2026-07-01 16:12:03 /api/notifications ................................................................... ~ 1.22ms
  2026-07-01 16:12:03 /api/chat/unread-summary ............................................................. ~ 1.99ms
  2026-07-01 16:13:02 /api/leave-requests .................................................................. ~ 1.12ms
  2026-07-01 16:13:02 /api/attendance-time-edit-requests ................................................... ~ 2.81ms
  2026-07-01 16:13:02 /api/notifications ................................................................... ~ 1.25ms
  2026-07-01 16:13:02 /api/chat/unread-summary ............................................................. ~ 2.09ms
  2026-07-01 16:14:02 /api/leave-requests .................................................................. ~ 0.98ms
  2026-07-01 16:14:02 /api/attendance-time-edit-requests ................................................... ~ 0.10ms
  2026-07-01 16:14:02 /api/notifications ................................................................... ~ 1.81ms
  2026-07-01 16:14:02 /api/chat/unread-summary ............................................................. ~ 1.58ms
  2026-07-01 16:15:02 /api/leave-requests .................................................................. ~ 0.35ms
  2026-07-01 16:15:02 /api/attendance-time-edit-requests ................................................... ~ 2.05ms
  2026-07-01 16:15:02 /api/notifications ................................................................... ~ 1.43ms
  2026-07-01 16:15:03 /api/chat/unread-summary ............................................................. ~ 2.04ms
  2026-07-01 16:16:02 /api/leave-requests .................................................................. ~ 0.41ms
  2026-07-01 16:16:02 /api/attendance-time-edit-requests ................................................... ~ 2.06ms
  2026-07-01 16:16:02 /api/notifications ................................................................. ~ 510.37ms
  2026-07-01 16:16:02 /api/chat/unread-summary ........................................................... ~ 510.82ms
  2026-07-01 16:17:02 /api/leave-requests .................................................................. ~ 2.52ms
  2026-07-01 16:17:02 /api/attendance-time-edit-requests ................................................... ~ 4.58ms
  2026-07-01 16:17:02 /api/notifications ................................................................... ~ 5.90ms
  2026-07-01 16:17:02 /api/chat/unread-summary ............................................................. ~ 7.45ms
  2026-07-01 16:18:02 /api/leave-requests .................................................................. ~ 0.29ms
  2026-07-01 16:18:02 /api/attendance-time-edit-requests ................................................... ~ 2.24ms
  2026-07-01 16:18:02 /api/notifications ................................................................... ~ 1.23ms
  2026-07-01 16:18:03 /api/chat/unread-summary ............................................................. ~ 1.73ms
  2026-07-01 16:19:02 /api/leave-requests .................................................................. ~ 0.34ms
  2026-07-01 16:19:02 /api/attendance-time-edit-requests ................................................. ~ 510.20ms
  2026-07-01 16:19:02 /api/notifications ................................................................. ~ 511.32ms
  2026-07-01 16:19:02 /api/chat/unread-summary ............................................................. ~ 1.93ms
  2026-07-01 16:20:02 /api/leave-requests .................................................................. ~ 0.28ms
  2026-07-01 16:20:02 /api/attendance-time-edit-requests ................................................... ~ 2.14ms
  2026-07-01 16:20:02 /api/notifications ................................................................... ~ 1.30ms
  2026-07-01 16:20:02 /api/chat/unread-summary ............................................................. ~ 1.79ms
  2026-07-01 16:21:02 /api/leave-requests .................................................................. ~ 0.52ms
  2026-07-01 16:21:02 /api/attendance-time-edit-requests ................................................. ~ 513.74ms
  2026-07-01 16:21:02 /api/notifications ................................................................. ~ 515.23ms
  2026-07-01 16:21:03 /api/chat/unread-summary ........................................................... ~ 514.40ms
  2026-07-01 16:22:02 /api/leave-requests .................................................................. ~ 1.07ms
  2026-07-01 16:22:02 /api/attendance-time-edit-requests ................................................... ~ 3.20ms
  2026-07-01 16:22:02 /api/notifications ................................................................... ~ 1.69ms
  2026-07-01 16:22:02 /api/chat/unread-summary ............................................................. ~ 1.73ms
  2026-07-01 16:23:02 /api/leave-requests .................................................................. ~ 1.05ms
  2026-07-01 16:23:02 /api/attendance-time-edit-requests ................................................... ~ 0.09ms
  2026-07-01 16:23:02 /api/notifications ................................................................... ~ 1.34ms
  2026-07-01 16:23:02 /api/chat/unread-summary ............................................................. ~ 2.27ms
  2026-07-01 16:24:02 /api/leave-requests .................................................................. ~ 0.37ms
  2026-07-01 16:24:02 /api/attendance-time-edit-requests ................................................... ~ 0.11ms
  2026-07-01 16:24:02 /api/notifications ................................................................... ~ 1.22ms
  2026-07-01 16:24:03 /api/chat/unread-summary ............................................................. ~ 1.89ms
  2026-07-01 16:25:02 /api/leave-requests .................................................................. ~ 0.36ms
  2026-07-01 16:25:02 /api/attendance-time-edit-requests ................................................... ~ 2.35ms
  2026-07-01 16:25:02 /api/notifications ................................................................... ~ 3.79ms
  2026-07-01 16:25:02 /api/chat/unread-summary ............................................................. ~ 1.81ms
  2026-07-01 16:26:02 /api/leave-requests .................................................................. ~ 1.09ms
  2026-07-01 16:26:02 /api/attendance-time-edit-requests ................................................... ~ 2.90ms
  2026-07-01 16:26:02 /api/notifications ................................................................... ~ 1.17ms
  2026-07-01 16:26:02 /api/chat/unread-summary ............................................................. ~ 2.21ms
  2026-07-01 16:27:02 /api/leave-requests .................................................................. ~ 0.39ms
  2026-07-01 16:27:02 /api/attendance-time-edit-requests ................................................... ~ 2.18ms
  2026-07-01 16:27:02 /api/notifications ................................................................. ~ 514.39ms
  2026-07-01 16:27:03 /api/chat/unread-summary ........................................................... ~ 514.50ms
  2026-07-01 16:28:02 /api/leave-requests .................................................................. ~ 1.12ms
  2026-07-01 16:28:02 /api/attendance-time-edit-requests ................................................... ~ 0.10ms
  2026-07-01 16:28:02 /api/notifications ................................................................... ~ 1.67ms
  2026-07-01 16:28:02 /api/chat/unread-summary ............................................................. ~ 1.63ms
  2026-07-01 16:28:02 /api/leave-requests .................................................................. ~ 1.56ms
  2026-07-01 16:28:02 /api/attendance-time-edit-requests ................................................... ~ 1.45ms
  2026-07-01 16:28:03 /api/notifications ................................................................... ~ 1.59ms
  2026-07-01 16:28:03 /api/chat/unread-summary ............................................................. ~ 1.52ms
  2026-07-01 16:29:02 /api/leave-requests .................................................................. ~ 1.68ms
  2026-07-01 16:29:02 /api/attendance-time-edit-requests ................................................... ~ 4.06ms
  2026-07-01 16:29:02 /api/notifications ................................................................... ~ 5.26ms
  2026-07-01 16:29:02 /api/chat/unread-summary ............................................................. ~ 2.76ms
  2026-07-01 16:30:02 /api/leave-requests .................................................................. ~ 0.43ms
  2026-07-01 16:30:02 /api/attendance-time-edit-requests ................................................... ~ 1.99ms
  2026-07-01 16:30:02 /api/notifications ................................................................. ~ 512.90ms
  2026-07-01 16:30:03 /api/chat/unread-summary ........................................................... ~ 513.52ms
  2026-07-01 16:31:02 /api/leave-requests .................................................................. ~ 1.04ms
  2026-07-01 16:31:02 /api/attendance-time-edit-requests ................................................... ~ 2.60ms
  2026-07-01 16:31:02 /api/notifications ................................................................... ~ 1.68ms
  2026-07-01 16:31:02 /api/chat/unread-summary ............................................................. ~ 1.94ms
  2026-07-01 16:32:02 /api/leave-requests .................................................................. ~ 1.07ms
  2026-07-01 16:32:02 /api/attendance-time-edit-requests ................................................... ~ 2.92ms
  2026-07-01 16:32:02 /api/notifications ................................................................... ~ 4.13ms
  2026-07-01 16:32:02 /api/chat/unread-summary ............................................................. ~ 3.55ms
  2026-07-01 16:33:02 /api/leave-requests .................................................................. ~ 0.26ms
  2026-07-01 16:33:02 /api/attendance-time-edit-requests ................................................... ~ 2.24ms
  2026-07-01 16:33:03 /api/notifications ................................................................. ~ 514.73ms
  2026-07-01 16:33:03 /api/chat/unread-summary ........................................................... ~ 515.16ms
  2026-07-01 16:34:02 /api/leave-requests .................................................................. ~ 1.18ms
  2026-07-01 16:34:02 /api/attendance-time-edit-requests ................................................... ~ 0.11ms
  2026-07-01 16:34:02 /api/notifications ................................................................... ~ 1.94ms
  2026-07-01 16:34:02 /api/chat/unread-summary ............................................................. ~ 1.75ms
  2026-07-01 16:35:02 /api/leave-requests .................................................................. ~ 1.00ms
  2026-07-01 16:35:02 /api/attendance-time-edit-requests ................................................... ~ 2.55ms
  2026-07-01 16:35:02 /api/notifications ................................................................... ~ 4.36ms
  2026-07-01 16:35:02 /api/chat/unread-summary ............................................................. ~ 3.59ms
  2026-07-01 16:36:02 /api/leave-requests ................................................................ ~ 514.91ms
  2026-07-01 16:36:02 /api/attendance-time-edit-requests ................................................. ~ 516.43ms
  2026-07-01 16:36:02 /api/notifications ................................................................... ~ 1.81ms
  2026-07-01 16:36:03 /api/chat/unread-summary ............................................................. ~ 1.68ms
  2026-07-01 16:37:02 /api/leave-requests .................................................................. ~ 1.19ms
  2026-07-01 16:37:02 /api/attendance-time-edit-requests ................................................... ~ 2.87ms
  2026-07-01 16:37:02 /api/notifications ................................................................... ~ 1.47ms
  2026-07-01 16:37:02 /api/chat/unread-summary ............................................................. ~ 2.23ms
  2026-07-01 16:38:02 /api/leave-requests .................................................................. ~ 1.47ms
  2026-07-01 16:38:02 /api/attendance-time-edit-requests ................................................... ~ 0.13ms
  2026-07-01 16:38:02 /api/notifications ................................................................... ~ 1.35ms
  2026-07-01 16:38:02 /api/chat/unread-summary ............................................................. ~ 1.77ms
  2026-07-01 16:39:02 /api/leave-requests ................................................................ ~ 513.45ms
  2026-07-01 16:39:02 /api/attendance-time-edit-requests ................................................. ~ 515.31ms
  2026-07-01 16:39:03 /api/notifications ................................................................... ~ 1.88ms
  2026-07-01 16:39:03 /api/chat/unread-summary ............................................................. ~ 1.85ms
  2026-07-01 16:40:02 /api/leave-requests .................................................................. ~ 1.11ms
  2026-07-01 16:40:02 /api/attendance-time-edit-requests ................................................... ~ 2.65ms
  2026-07-01 16:40:02 /api/notifications ................................................................... ~ 3.73ms
  2026-07-01 16:40:02 /api/chat/unread-summary ............................................................. ~ 2.57ms
  2026-07-01 16:41:02 /api/leave-requests .................................................................. ~ 0.38ms
  2026-07-01 16:41:02 /api/attendance-time-edit-requests ................................................... ~ 2.18ms
  2026-07-01 16:41:02 /api/notifications ................................................................... ~ 1.95ms
  2026-07-01 16:41:02 /api/chat/unread-summary ........................................................... ~ 507.89ms
  2026-07-01 16:42:02 /api/leave-requests .................................................................. ~ 1.28ms
  2026-07-01 16:42:02 /api/attendance-time-edit-requests ................................................... ~ 2.81ms
  2026-07-01 16:42:02 /api/notifications ................................................................... ~ 1.32ms
  2026-07-01 16:42:03 /api/chat/unread-summary ............................................................. ~ 1.55ms
  2026-07-01 16:43:02 /api/leave-requests .................................................................. ~ 0.33ms
  2026-07-01 16:43:02 /api/attendance-time-edit-requests ................................................... ~ 2.21ms
  2026-07-01 16:43:02 /api/notifications ................................................................... ~ 1.51ms
  2026-07-01 16:43:02 /api/chat/unread-summary ............................................................. ~ 2.25ms
  2026-07-01 16:44:02 /api/leave-requests .................................................................. ~ 0.34ms
  2026-07-01 16:44:02 /api/attendance-time-edit-requests ................................................... ~ 2.15ms
  2026-07-01 16:44:02 /api/notifications ................................................................... ~ 3.51ms
  2026-07-01 16:44:02 /api/chat/unread-summary ............................................................. ~ 5.49ms
  2026-07-01 16:45:02 /api/leave-requests .................................................................. ~ 0.28ms
  2026-07-01 16:45:02 /api/attendance-time-edit-requests ................................................... ~ 1.87ms
  2026-07-01 16:45:02 /api/notifications ................................................................... ~ 2.92ms
  2026-07-01 16:45:02 /api/chat/unread-summary ............................................................. ~ 2.79ms
  2026-07-01 16:46:02 /api/leave-requests .................................................................. ~ 0.54ms
  2026-07-01 16:46:02 /api/attendance-time-edit-requests ................................................... ~ 2.79ms
  2026-07-01 16:46:02 /api/notifications ................................................................... ~ 1.37ms
  2026-07-01 16:46:02 /api/chat/unread-summary ........................................................... ~ 512.20ms
  2026-07-01 16:47:02 /api/leave-requests .................................................................. ~ 1.15ms
  2026-07-01 16:47:02 /api/attendance-time-edit-requests ................................................... ~ 2.90ms
  2026-07-01 16:47:02 /api/notifications ................................................................... ~ 0.11ms
  2026-07-01 16:47:02 /api/chat/unread-summary ............................................................. ~ 2.26ms
  2026-07-01 16:48:02 /api/leave-requests .................................................................. ~ 0.29ms
  2026-07-01 16:48:02 /api/attendance-time-edit-requests ................................................... ~ 2.36ms
  2026-07-01 16:48:02 /api/notifications ................................................................... ~ 1.53ms
  2026-07-01 16:48:03 /api/chat/unread-summary ............................................................. ~ 1.57ms
  2026-07-01 16:49:02 /api/leave-requests .................................................................. ~ 0.36ms
  2026-07-01 16:49:02 /api/attendance-time-edit-requests ................................................... ~ 2.26ms
  2026-07-01 16:49:02 /api/notifications ................................................................. ~ 512.49ms
  2026-07-01 16:49:02 /api/chat/unread-summary ........................................................... ~ 512.27ms
  2026-07-01 16:50:02 /api/leave-requests .................................................................. ~ 1.33ms
  2026-07-01 16:50:02 /api/attendance-time-edit-requests ................................................... ~ 2.94ms
  2026-07-01 16:50:02 /api/notifications ................................................................... ~ 4.56ms
  2026-07-01 16:50:02 /api/chat/unread-summary ............................................................. ~ 6.20ms
  2026-07-01 16:51:02 /api/leave-requests .................................................................. ~ 1.22ms
  2026-07-01 16:51:02 /api/attendance-time-edit-requests ................................................... ~ 2.77ms
  2026-07-01 16:51:02 /api/notifications ................................................................... ~ 4.02ms
  2026-07-01 16:51:02 /api/chat/unread-summary ............................................................. ~ 5.64ms
  2026-07-01 16:52:02 /api/leave-requests .................................................................. ~ 1.22ms
  2026-07-01 16:52:02 /api/attendance-time-edit-requests ................................................... ~ 0.17ms
  2026-07-01 16:52:02 /api/notifications ................................................................... ~ 1.33ms
  2026-07-01 16:52:02 /api/chat/unread-summary ............................................................. ~ 1.52ms
  2026-07-01 16:53:02 /api/leave-requests .................................................................. ~ 1.05ms
  2026-07-01 16:53:02 /api/attendance-time-edit-requests ................................................... ~ 2.61ms
  2026-07-01 16:53:02 /api/notifications ................................................................... ~ 1.16ms
  2026-07-01 16:53:02 /api/chat/unread-summary ............................................................. ~ 2.16ms
  2026-07-01 16:54:02 /api/leave-requests .................................................................. ~ 0.33ms
  2026-07-01 16:54:02 /api/attendance-time-edit-requests ................................................. ~ 514.24ms
  2026-07-01 16:54:02 /api/notifications ................................................................. ~ 515.89ms
  2026-07-01 16:54:02 /api/chat/unread-summary ........................................................... ~ 517.56ms
  2026-07-01 16:55:02 /api/leave-requests .................................................................. ~ 1.05ms
  2026-07-01 16:55:02 /api/attendance-time-edit-requests ................................................... ~ 2.63ms
  2026-07-01 16:55:02 /api/notifications ................................................................... ~ 1.44ms
  2026-07-01 16:55:02 /api/chat/unread-summary ............................................................. ~ 1.61ms
  2026-07-01 16:55:27 /api/leave-requests ................................................................ ~ 501.97ms
  2026-07-01 16:55:27 /api/attendance-time-edit-requests ................................................. ~ 504.38ms
  2026-07-01 16:55:27 /api/notifications ................................................................... ~ 1.34ms
  2026-07-01 16:55:27 /api/chat/unread-summary ............................................................. ~ 1.97ms
  2026-07-01 16:55:36 /api/leave-requests .................................................................. ~ 0.22ms
  2026-07-01 16:55:36 /api/attendance-time-edit-requests ................................................... ~ 2.04ms
  2026-07-01 16:55:36 /api/notifications ................................................................... ~ 1.46ms
  2026-07-01 16:55:36 /api/chat/unread-summary ............................................................. ~ 1.61ms
  2026-07-01 16:55:44 /api/leave-requests .................................................................. ~ 0.40ms
  2026-07-01 16:55:44 /api/attendance-time-edit-requests ................................................... ~ 1.92ms
  2026-07-01 16:55:44 /api/notifications ................................................................... ~ 3.20ms
  2026-07-01 16:55:44 /api/chat/unread-summary ............................................................. ~ 2.98ms
  2026-07-01 16:55:52 /api/leave-requests .................................................................. ~ 1.64ms
  2026-07-01 16:55:52 /api/attendance-time-edit-requests ................................................... ~ 7.10ms
  2026-07-01 16:55:52 /api/notifications .................................................................. ~ 10.41ms
  2026-07-01 16:55:52 /api/chat/unread-summary ............................................................. ~ 6.31ms
  2026-07-01 16:56:00 /api/leave-requests .................................................................. ~ 0.26ms
  2026-07-01 16:56:00 /api/attendance-time-edit-requests ................................................... ~ 2.16ms
  2026-07-01 16:56:00 /api/notifications ................................................................... ~ 3.60ms
  2026-07-01 16:56:00 /api/chat/unread-summary ........................................................... ~ 512.47ms
  2026-07-01 16:56:08 /api/leave-requests .................................................................. ~ 1.16ms
  2026-07-01 16:56:08 /api/attendance-time-edit-requests ................................................... ~ 3.51ms
  2026-07-01 16:56:09 /api/notifications ................................................................... ~ 1.94ms
  2026-07-01 16:56:09 /api/chat/unread-summary ............................................................. ~ 1.63ms
  2026-07-01 16:56:16 /api/leave-requests ................................................................ ~ 513.14ms
  2026-07-01 16:56:16 /api/attendance-time-edit-requests ................................................. ~ 515.81ms
  2026-07-01 16:56:16 /api/notifications ................................................................... ~ 1.62ms
  2026-07-01 16:56:16 /api/chat/unread-summary ............................................................. ~ 4.12ms
  2026-07-01 16:56:24 /api/leave-requests .................................................................. ~ 0.25ms
  2026-07-01 16:56:24 /api/attendance-time-edit-requests ................................................... ~ 0.19ms
  2026-07-01 16:56:24 /api/notifications ................................................................... ~ 1.54ms
  2026-07-01 16:56:25 /api/chat/unread-summary ............................................................. ~ 1.63ms
  2026-07-01 16:56:32 /api/leave-requests .................................................................. ~ 1.32ms
  2026-07-01 16:56:32 /api/attendance-time-edit-requests ................................................... ~ 3.38ms
  2026-07-01 16:56:32 /api/notifications ................................................................... ~ 4.56ms
  2026-07-01 16:56:32 /api/chat/unread-summary ............................................................. ~ 6.37ms
  2026-07-01 16:56:40 /api/leave-requests ................................................................ ~ 501.40ms
  2026-07-01 16:56:40 /api/attendance-time-edit-requests ................................................. ~ 503.35ms
  2026-07-01 16:56:40 /api/notifications ................................................................... ~ 1.64ms
  2026-07-01 16:56:41 /api/chat/unread-summary ............................................................. ~ 3.08ms
  2026-07-01 16:57:02 /api/leave-requests .................................................................. ~ 1.34ms
  2026-07-01 16:57:02 /api/attendance-time-edit-requests ................................................... ~ 0.11ms
  2026-07-01 16:57:02 /api/notifications ................................................................... ~ 1.31ms
  2026-07-01 16:57:03 /api/chat/unread-summary ............................................................. ~ 2.52ms
  2026-07-01 16:58:02 /api/leave-requests .................................................................. ~ 0.61ms
  2026-07-01 16:58:02 /api/attendance-time-edit-requests ................................................. ~ 512.68ms
  2026-07-01 16:58:02 /api/notifications ................................................................. ~ 515.06ms
  2026-07-01 16:58:03 /api/chat/unread-summary ............................................................. ~ 2.83ms
  2026-07-01 16:59:02 /api/leave-requests .................................................................. ~ 0.69ms
  2026-07-01 16:59:03 /api/attendance-time-edit-requests ................................................. ~ 514.36ms
  2026-07-01 16:59:03 /api/notifications ................................................................. ~ 515.70ms
  2026-07-01 16:59:03 /api/chat/unread-summary ............................................................. ~ 1.87ms
  2026-07-01 17:00:02 /api/leave-requests .................................................................. ~ 0.58ms
  2026-07-01 17:00:02 /api/attendance-time-edit-requests ................................................... ~ 3.32ms
  2026-07-01 17:00:02 /api/notifications ................................................................... ~ 5.20ms
  2026-07-01 17:00:03 /api/chat/unread-summary ........................................................... ~ 511.31ms
  2026-07-01 17:01:02 /api/leave-requests .................................................................. ~ 1.35ms
  2026-07-01 17:01:02 /api/attendance-time-edit-requests ................................................... ~ 4.15ms
  2026-07-01 17:01:02 /api/notifications ................................................................... ~ 3.23ms
  2026-07-01 17:01:03 /api/chat/unread-summary ............................................................. ~ 1.60ms
  2026-07-01 17:02:02 /api/leave-requests .................................................................. ~ 1.82ms
  2026-07-01 17:02:02 /api/attendance-time-edit-requests ................................................... ~ 6.79ms
  2026-07-01 17:02:02 /api/notifications ................................................................... ~ 9.79ms
  2026-07-01 17:02:03 /api/chat/unread-summary ............................................................. ~ 7.00ms
  2026-07-01 17:03:02 /api/leave-requests .................................................................. ~ 0.33ms
  2026-07-01 17:03:02 /api/attendance-time-edit-requests ................................................... ~ 1.95ms
  2026-07-01 17:03:02 /api/notifications ................................................................... ~ 3.05ms
  2026-07-01 17:03:02 /api/chat/unread-summary ............................................................. ~ 2.68ms
  2026-07-01 17:04:02 /api/leave-requests .................................................................. ~ 0.32ms
  2026-07-01 17:04:02 /api/attendance-time-edit-requests ................................................... ~ 0.12ms
  2026-07-01 17:04:02 /api/notifications ................................................................. ~ 512.19ms
  2026-07-01 17:04:02 /api/chat/unread-summary ........................................................... ~ 514.34ms
  2026-07-01 17:05:02 /api/leave-requests .................................................................. ~ 0.37ms
  2026-07-01 17:05:02 /api/attendance-time-edit-requests ................................................. ~ 518.73ms
  2026-07-01 17:05:02 /api/notifications ................................................................. ~ 523.02ms
  2026-07-01 17:05:03 /api/chat/unread-summary ........................................................... ~ 523.17ms
  2026-07-01 17:06:02 /api/leave-requests .................................................................. ~ 1.11ms
  2026-07-01 17:06:02 /api/attendance-time-edit-requests ................................................... ~ 0.21ms
  2026-07-01 17:06:02 /api/notifications ................................................................... ~ 3.56ms
  2026-07-01 17:06:03 /api/chat/unread-summary ............................................................. ~ 1.92ms
  2026-07-01 17:07:02 /api/leave-requests .................................................................. ~ 1.74ms
  2026-07-01 17:07:02 /api/attendance-time-edit-requests ................................................... ~ 6.64ms
  2026-07-01 17:07:02 /api/notifications ................................................................... ~ 0.26ms
  2026-07-01 17:07:02 /api/chat/unread-summary ............................................................. ~ 4.05ms
  2026-07-01 17:08:02 /api/leave-requests ................................................................ ~ 504.63ms
  2026-07-01 17:08:02 /api/attendance-time-edit-requests ................................................. ~ 509.98ms
  2026-07-01 17:08:02 /api/notifications ................................................................. ~ 511.70ms
  2026-07-01 17:08:03 /api/chat/unread-summary ............................................................. ~ 6.16ms
  2026-07-01 17:09:02 /api/leave-requests .................................................................. ~ 0.23ms
  2026-07-01 17:09:02 /api/attendance-time-edit-requests ................................................... ~ 1.73ms
  2026-07-01 17:09:02 /api/notifications ................................................................... ~ 1.32ms
  2026-07-01 17:09:03 /api/chat/unread-summary ............................................................. ~ 1.53ms
  2026-07-01 17:10:02 /api/leave-requests .................................................................. ~ 2.09ms
  2026-07-01 17:10:02 /api/attendance-time-edit-requests ................................................... ~ 0.14ms
  2026-07-01 17:10:02 /api/notifications ................................................................... ~ 2.60ms
  2026-07-01 17:10:03 /api/chat/unread-summary ............................................................. ~ 4.03ms
  2026-07-01 17:11:02 /api/leave-requests ................................................................ ~ 502.07ms
  2026-07-01 17:11:02 /api/attendance-time-edit-requests ................................................. ~ 505.28ms
  2026-07-01 17:11:02 /api/notifications ................................................................. ~ 509.30ms
  2026-07-01 17:11:03 /api/chat/unread-summary ............................................................. ~ 0.08ms
  2026-07-01 17:12:02 /api/leave-requests .................................................................. ~ 0.25ms
  2026-07-01 17:12:02 /api/attendance-time-edit-requests ................................................... ~ 0.09ms
  2026-07-01 17:12:02 /api/notifications ................................................................. ~ 514.00ms
  2026-07-01 17:12:03 /api/chat/unread-summary ........................................................... ~ 514.25ms
  2026-07-01 17:13:02 /api/leave-requests .................................................................. ~ 1.25ms
  2026-07-01 17:13:02 /api/attendance-time-edit-requests ................................................... ~ 5.55ms
  2026-07-01 17:13:02 /api/notifications ................................................................... ~ 7.37ms
  2026-07-01 17:13:02 /api/chat/unread-summary ............................................................ ~ 10.33ms
  2026-07-01 17:14:02 /api/leave-requests .................................................................. ~ 0.30ms
  2026-07-01 17:14:02 /api/attendance-time-edit-requests ................................................... ~ 2.07ms
  2026-07-01 17:14:02 /api/notifications ................................................................... ~ 3.99ms
  2026-07-01 17:14:03 /api/chat/unread-summary ............................................................. ~ 3.78ms
  2026-07-01 17:15:02 /api/leave-requests .................................................................. ~ 0.61ms
  2026-07-01 17:15:02 /api/attendance-time-edit-requests ................................................... ~ 3.92ms
  2026-07-01 17:15:02 /api/notifications ................................................................... ~ 6.08ms
  2026-07-01 17:15:02 /api/chat/unread-summary ............................................................ ~ 12.41ms
  2026-07-01 17:16:02 /api/leave-requests .................................................................. ~ 0.46ms
  2026-07-01 17:16:02 /api/attendance-time-edit-requests ................................................. ~ 512.80ms
  2026-07-01 17:16:02 /api/notifications ................................................................. ~ 514.20ms
  2026-07-01 17:16:02 /api/chat/unread-summary ........................................................... ~ 513.56ms
  2026-07-01 17:17:02 /api/leave-requests .................................................................. ~ 0.62ms
  2026-07-01 17:17:02 /api/attendance-time-edit-requests ................................................. ~ 516.13ms
  2026-07-01 17:17:03 /api/notifications ................................................................. ~ 515.28ms
  2026-07-01 17:17:03 /api/chat/unread-summary ............................................................. ~ 2.04ms
  2026-07-01 17:18:02 /api/leave-requests .................................................................. ~ 0.96ms
  2026-07-01 17:18:02 /api/attendance-time-edit-requests ................................................... ~ 0.15ms
  2026-07-01 17:18:02 /api/notifications ................................................................... ~ 1.42ms
  2026-07-01 17:18:03 /api/chat/unread-summary ............................................................. ~ 2.00ms
  2026-07-01 17:19:02 /api/leave-requests ................................................................ ~ 517.69ms
  2026-07-01 17:19:02 /api/attendance-time-edit-requests ................................................. ~ 522.41ms
  2026-07-01 17:19:03 /api/notifications ................................................................... ~ 0.26ms
  2026-07-01 17:19:03 /api/chat/unread-summary ............................................................. ~ 4.25ms
  2026-07-01 17:20:02 /api/leave-requests .................................................................. ~ 0.23ms
  2026-07-01 17:20:02 /api/attendance-time-edit-requests ................................................... ~ 1.94ms
  2026-07-01 17:20:02 /api/notifications ................................................................... ~ 5.23ms
  2026-07-01 17:20:03 /api/chat/unread-summary ........................................................... ~ 511.78ms
  2026-07-01 17:21:02 /api/leave-requests .................................................................. ~ 0.33ms
  2026-07-01 17:21:02 /api/attendance-time-edit-requests ................................................... ~ 2.03ms
  2026-07-01 17:21:02 /api/notifications ................................................................... ~ 3.15ms
  2026-07-01 17:21:02 /api/chat/unread-summary ............................................................. ~ 6.96ms
  2026-07-01 17:22:02 /api/leave-requests .................................................................. ~ 0.26ms
  2026-07-01 17:22:02 /api/attendance-time-edit-requests ................................................... ~ 1.96ms
  2026-07-01 17:22:02 /api/notifications ................................................................... ~ 1.28ms
  2026-07-01 17:22:03 /api/chat/unread-summary ........................................................... ~ 509.49ms
  2026-07-01 17:23:02 /api/leave-requests .................................................................. ~ 2.01ms
  2026-07-01 17:23:02 /api/attendance-time-edit-requests ................................................... ~ 7.41ms
  2026-07-01 17:23:02 /api/notifications ................................................................... ~ 9.32ms
  2026-07-01 17:23:02 /api/chat/unread-summary ............................................................ ~ 12.78ms
  2026-07-01 17:24:02 /api/leave-requests .................................................................. ~ 0.29ms
  2026-07-01 17:24:02 /api/attendance-time-edit-requests ................................................... ~ 2.22ms
  2026-07-01 17:24:02 /api/notifications ................................................................... ~ 1.23ms
  2026-07-01 17:24:02 /api/chat/unread-summary ............................................................. ~ 2.64ms
  2026-07-01 17:25:02 /api/leave-requests .................................................................. ~ 0.29ms
  2026-07-01 17:25:02 /api/attendance-time-edit-requests ................................................... ~ 1.93ms
  2026-07-01 17:25:02 /api/notifications ................................................................... ~ 3.44ms
  2026-07-01 17:25:03 /api/chat/unread-summary ........................................................... ~ 516.64ms
  2026-07-01 17:26:02 /api/leave-requests .................................................................. ~ 1.35ms
  2026-07-01 17:26:02 /api/attendance-time-edit-requests ................................................... ~ 4.57ms
  2026-07-01 17:26:02 /api/notifications ................................................................... ~ 7.01ms
  2026-07-01 17:26:03 /api/chat/unread-summary ............................................................. ~ 5.99ms
  2026-07-01 17:27:02 /api/leave-requests ................................................................ ~ 514.93ms
  2026-07-01 17:27:02 /api/attendance-time-edit-requests ................................................. ~ 516.65ms
  2026-07-01 17:27:02 /api/notifications ................................................................. ~ 517.88ms
  2026-07-01 17:27:02 /api/chat/unread-summary ............................................................. ~ 2.89ms
  2026-07-01 17:28:02 /api/leave-requests .................................................................. ~ 1.14ms
  2026-07-01 17:28:02 /api/attendance-time-edit-requests ................................................... ~ 2.69ms
  2026-07-01 17:28:02 /api/notifications ................................................................... ~ 3.73ms
  2026-07-01 17:28:02 /api/chat/unread-summary ............................................................. ~ 2.57ms
  2026-07-01 17:29:02 /api/leave-requests .................................................................. ~ 1.50ms
  2026-07-01 17:29:02 /api/attendance-time-edit-requests ................................................. ~ 512.40ms
  2026-07-01 17:29:02 /api/notifications ................................................................. ~ 513.98ms
  2026-07-01 17:29:02 /api/chat/unread-summary ............................................................. ~ 1.62ms
  2026-07-01 17:29:03 /api/leave-requests .................................................................. ~ 1.46ms
  2026-07-01 17:29:03 /api/attendance-time-edit-requests ................................................... ~ 2.42ms
  2026-07-01 17:29:03 /api/notifications ................................................................... ~ 1.29ms
  2026-07-01 17:29:03 /api/chat/unread-summary ............................................................. ~ 1.55ms
  2026-07-01 17:30:02 /api/leave-requests .................................................................. ~ 0.34ms
  2026-07-01 17:30:02 /api/attendance-time-edit-requests ................................................... ~ 1.98ms
  2026-07-01 17:30:02 /api/notifications ................................................................... ~ 1.67ms
  2026-07-01 17:30:02 /api/chat/unread-summary ............................................................. ~ 2.14ms
  2026-07-01 17:31:02 /api/leave-requests .................................................................. ~ 0.67ms
  2026-07-01 17:31:02 /api/attendance-time-edit-requests ................................................. ~ 516.87ms
  2026-07-01 17:31:02 /api/notifications ................................................................. ~ 516.00ms
  2026-07-01 17:31:02 /api/chat/unread-summary ............................................................. ~ 1.52ms
  2026-07-01 17:32:02 /api/leave-requests .................................................................. ~ 0.35ms
  2026-07-01 17:32:02 /api/attendance-time-edit-requests ................................................... ~ 2.22ms
  2026-07-01 17:32:02 /api/notifications ................................................................... ~ 3.93ms
  2026-07-01 17:32:03 /api/chat/unread-summary ............................................................. ~ 3.49ms
  2026-07-01 17:33:02 /api/leave-requests .................................................................. ~ 1.21ms
  2026-07-01 17:33:02 /api/attendance-time-edit-requests ................................................... ~ 0.21ms
  2026-07-01 17:33:02 /api/notifications ................................................................... ~ 1.54ms
  2026-07-01 17:33:02 /api/chat/unread-summary ............................................................. ~ 1.62ms
  2026-07-01 17:34:02 /api/leave-requests .................................................................. ~ 1.12ms
  2026-07-01 17:34:02 /api/attendance-time-edit-requests ................................................... ~ 2.72ms
  2026-07-01 17:34:02 /api/notifications ................................................................... ~ 3.86ms
  2026-07-01 17:34:02 /api/chat/unread-summary ............................................................. ~ 3.23ms
  2026-07-01 17:35:02 /api/leave-requests .................................................................. ~ 1.02ms
  2026-07-01 17:35:03 /api/attendance-time-edit-requests ................................................... ~ 0.09ms
  2026-07-01 17:35:03 /api/notifications ................................................................... ~ 1.81ms
  2026-07-01 17:35:03 /api/chat/unread-summary ............................................................. ~ 1.64ms
  2026-07-01 17:36:02 /api/leave-requests .................................................................. ~ 1.22ms
  2026-07-01 17:36:02 /api/attendance-time-edit-requests ................................................... ~ 3.31ms
  2026-07-01 17:36:02 /api/notifications ................................................................... ~ 1.41ms
  2026-07-01 17:36:02 /api/chat/unread-summary ............................................................. ~ 1.77ms
  2026-07-01 17:37:02 /api/leave-requests .................................................................. ~ 1.04ms
  2026-07-01 17:37:02 /api/attendance-time-edit-requests ................................................... ~ 2.57ms
  2026-07-01 17:37:02 /api/notifications ................................................................... ~ 3.66ms
  2026-07-01 17:37:02 /api/chat/unread-summary ............................................................. ~ 5.95ms
  2026-07-01 17:38:02 /api/leave-requests .................................................................. ~ 0.32ms
  2026-07-01 17:38:02 /api/attendance-time-edit-requests ................................................... ~ 2.97ms
  2026-07-01 17:38:02 /api/notifications ................................................................... ~ 4.11ms
  2026-07-01 17:38:03 /api/chat/unread-summary ............................................................. ~ 2.86ms
  2026-07-01 17:39:02 /api/leave-requests .................................................................. ~ 0.43ms
  2026-07-01 17:39:02 /api/attendance-time-edit-requests ................................................... ~ 0.10ms
  2026-07-01 17:39:02 /api/notifications ................................................................... ~ 1.97ms
  2026-07-01 17:39:02 /api/chat/unread-summary ............................................................. ~ 2.05ms
  2026-07-01 17:40:02 /api/leave-requests ................................................................ ~ 514.50ms
  2026-07-01 17:40:02 /api/attendance-time-edit-requests ................................................. ~ 516.15ms
  2026-07-01 17:40:02 /api/chat/unread-summary ........................................................... ~ 517.36ms
  2026-07-01 17:40:02 /api/notifications ................................................................. ~ 519.58ms
  2026-07-01 17:41:02 /api/leave-requests .................................................................. ~ 1.23ms
  2026-07-01 17:41:02 /api/attendance-time-edit-requests ................................................... ~ 2.89ms
  2026-07-01 17:41:02 /api/notifications ................................................................... ~ 4.49ms
  2026-07-01 17:41:03 /api/chat/unread-summary ............................................................. ~ 3.47ms
  2026-07-01 17:42:02 /api/leave-requests .................................................................. ~ 0.27ms
  2026-07-01 17:42:02 /api/attendance-time-edit-requests ................................................... ~ 0.13ms
  2026-07-01 17:42:02 /api/notifications ................................................................... ~ 1.88ms
  2026-07-01 17:42:02 /api/chat/unread-summary ............................................................. ~ 2.16ms
  2026-07-01 17:43:02 /api/leave-requests .................................................................. ~ 0.47ms
  2026-07-01 17:43:02 /api/attendance-time-edit-requests ................................................... ~ 0.10ms
  2026-07-01 17:43:02 /api/notifications ................................................................... ~ 1.19ms
  2026-07-01 17:43:02 /api/chat/unread-summary ............................................................. ~ 1.70ms
  2026-07-01 17:44:02 /api/leave-requests .................................................................. ~ 0.34ms
  2026-07-01 17:44:02 /api/attendance-time-edit-requests ................................................... ~ 1.95ms
  2026-07-01 17:44:02 /api/notifications ................................................................... ~ 1.29ms
  2026-07-01 17:44:03 /api/chat/unread-summary ............................................................. ~ 1.90ms
  2026-07-01 17:45:02 /api/leave-requests .................................................................. ~ 1.12ms
  2026-07-01 17:45:02 /api/attendance-time-edit-requests ................................................... ~ 0.43ms
  2026-07-01 17:45:02 /api/notifications ................................................................... ~ 4.72ms
  2026-07-01 17:45:02 /api/chat/unread-summary ............................................................. ~ 2.42ms
  2026-07-01 17:46:02 /api/leave-requests .................................................................. ~ 0.30ms
  2026-07-01 17:46:02 /api/attendance-time-edit-requests ................................................... ~ 2.27ms
  2026-07-01 17:46:02 /api/notifications ................................................................... ~ 4.24ms
  2026-07-01 17:46:02 /api/chat/unread-summary ............................................................. ~ 3.84ms
  2026-07-01 17:47:02 /api/leave-requests .................................................................. ~ 0.98ms
  2026-07-01 17:47:02 /api/attendance-time-edit-requests ................................................... ~ 2.81ms
  2026-07-01 17:47:02 /api/notifications ................................................................... ~ 4.44ms
  2026-07-01 17:47:02 /api/chat/unread-summary ............................................................. ~ 6.10ms
  2026-07-01 17:48:02 /api/leave-requests .................................................................. ~ 0.36ms
  2026-07-01 17:48:02 /api/attendance-time-edit-requests ................................................... ~ 2.37ms
  2026-07-01 17:48:02 /api/notifications ................................................................... ~ 3.79ms
  2026-07-01 17:48:02 /api/chat/unread-summary ............................................................. ~ 5.32ms
  2026-07-01 17:49:02 /api/leave-requests .................................................................. ~ 1.11ms
  2026-07-01 17:49:02 /api/attendance-time-edit-requests ................................................... ~ 2.70ms
  2026-07-01 17:49:02 /api/notifications ................................................................... ~ 4.55ms
  2026-07-01 17:49:02 /api/chat/unread-summary ............................................................. ~ 6.19ms
  2026-07-01 17:50:02 /api/leave-requests .................................................................. ~ 0.62ms
  2026-07-01 17:50:02 /api/attendance-time-edit-requests ................................................... ~ 2.29ms
  2026-07-01 17:50:03 /api/notifications ................................................................... ~ 1.22ms
  2026-07-01 17:50:03 /api/chat/unread-summary ............................................................. ~ 1.71ms
  2026-07-01 17:51:02 /api/leave-requests .................................................................. ~ 0.27ms
  2026-07-01 17:51:02 /api/attendance-time-edit-requests ................................................. ~ 517.11ms
  2026-07-01 17:51:02 /api/notifications ................................................................. ~ 516.45ms
  2026-07-01 17:51:02 /api/chat/unread-summary ............................................................. ~ 1.71ms
  2026-07-01 17:52:02 /api/leave-requests .................................................................. ~ 1.21ms
  2026-07-01 17:52:02 /api/attendance-time-edit-requests ................................................... ~ 2.74ms
  2026-07-01 17:52:02 /api/notifications ................................................................... ~ 0.11ms
  2026-07-01 17:52:02 /api/chat/unread-summary ............................................................. ~ 1.58ms
  2026-07-01 17:53:02 /api/leave-requests .................................................................. ~ 1.20ms
  2026-07-01 17:53:02 /api/attendance-time-edit-requests ................................................... ~ 3.32ms
  2026-07-01 17:53:02 /api/notifications ................................................................... ~ 7.42ms
  2026-07-01 17:53:02 /api/chat/unread-summary ............................................................ ~ 10.70ms
  2026-07-01 17:54:02 /api/leave-requests .................................................................. ~ 0.49ms
  2026-07-01 17:54:02 /api/attendance-time-edit-requests ................................................. ~ 512.71ms
  2026-07-01 17:54:02 /api/notifications ................................................................. ~ 515.87ms
  2026-07-01 17:54:03 /api/chat/unread-summary ............................................................. ~ 2.35ms
  2026-07-01 17:54:32 /api/leave-requests .................................................................. ~ 0.31ms
  2026-07-01 17:54:32 /api/attendance-time-edit-requests ................................................... ~ 0.10ms
  2026-07-01 17:54:32 /api/notifications ................................................................... ~ 1.39ms
  2026-07-01 17:54:32 /api/chat/unread-summary ........................................................... ~ 510.86ms
  2026-07-01 17:55:01 /api/auth/me ......................................................................... ~ 0.36ms
  2026-07-01 17:55:01 /api/auth/me ......................................................................... ~ 0.25ms
  2026-07-01 17:55:01 /api/auth/me ......................................................................... ~ 2.32ms
  2026-07-01 17:55:01 /api/auth/me ....................................................................... ~ 506.31ms
  2026-07-01 17:55:02 /api/settings/me ..................................................................... ~ 0.69ms
  2026-07-01 17:55:02 /api/settings/billing ................................................................ ~ 2.58ms
  2026-07-01 17:55:02 /api/employees/20/workspace .......................................................... ~ 4.08ms
  2026-07-01 17:55:02 /api/leave-requests .................................................................. ~ 5.90ms
  2026-07-01 17:55:02 /api/attendance-time-edit-requests ................................................... ~ 7.62ms
  2026-07-01 17:55:02 /api/notifications ................................................................. ~ 514.03ms
  2026-07-01 17:55:02 /api/chat/unread-summary ........................................................... ~ 515.96ms
  2026-07-01 17:55:02 /api/settings/me ..................................................................... ~ 4.04ms
  2026-07-01 17:55:02 /api/users ........................................................................... ~ 5.05ms
  2026-07-01 17:55:02 /api/settings/billing ................................................................ ~ 5.96ms
  2026-07-01 17:55:02 /api/settings/me ..................................................................... ~ 4.71ms
  2026-07-01 17:55:02 /api/employees/20/workspace .......................................................... ~ 4.32ms
  2026-07-01 17:55:02 /api/settings/billing ................................................................ ~ 3.96ms
  2026-07-01 17:55:02 /api/leave-requests .................................................................. ~ 4.05ms
  2026-07-01 17:55:02 /api/employees/20/workspace .......................................................... ~ 4.75ms
  2026-07-01 17:55:02 /api/attendance-time-edit-requests ................................................... ~ 3.87ms
  2026-07-01 17:55:02 /api/leave-requests .................................................................. ~ 3.56ms
  2026-07-01 17:55:02 /api/notifications ................................................................... ~ 4.48ms
  2026-07-01 17:55:02 /api/attendance-time-edit-requests ................................................... ~ 4.39ms
  2026-07-01 17:55:02 /api/chat/unread-summary ............................................................. ~ 3.39ms
  2026-07-01 17:55:02 /api/notifications ................................................................... ~ 4.07ms
  2026-07-01 17:55:02 /api/users ........................................................................... ~ 4.85ms
  2026-07-01 17:55:02 /api/chat/unread-summary ........................................................... ~ 511.41ms
  2026-07-01 17:55:02 /api/settings/me ................................................................... ~ 513.00ms
  2026-07-01 17:55:02 /api/users ........................................................................... ~ 4.77ms
  2026-07-01 17:55:02 /api/settings/billing ................................................................ ~ 4.57ms
  2026-07-01 17:55:02 /api/employees/20/workspace .......................................................... ~ 4.08ms
  2026-07-01 17:55:02 /api/leave-requests .................................................................. ~ 3.64ms
  2026-07-01 17:55:03 /api/attendance-time-edit-requests ................................................... ~ 4.32ms
  2026-07-01 17:55:03 /api/notifications ................................................................... ~ 2.77ms
  2026-07-01 17:55:03 /api/chat/unread-summary ............................................................. ~ 2.18ms
  2026-07-01 17:55:03 /api/users ........................................................................... ~ 2.11ms
  2026-07-01 17:55:03 /api/leave-requests .................................................................. ~ 0.27ms
  2026-07-01 17:55:03 /api/resignations .................................................................... ~ 0.12ms
  2026-07-01 17:55:03 /api/users ........................................................................... ~ 2.31ms
  2026-07-01 17:55:03 /api/attendance-time-edit-requests ................................................... ~ 2.44ms
  2026-07-01 17:55:03 /api/attendance/summary .............................................................. ~ 1.44ms
  2026-07-01 17:55:03 /api/leave-requests .................................................................. ~ 2.39ms
  2026-07-01 17:55:03 /api/reports/overall ................................................................. ~ 2.07ms
  2026-07-01 17:55:03 /api/tasks ........................................................................... ~ 1.85ms
  2026-07-01 17:55:03 /api/leave-requests .................................................................. ~ 2.42ms
  2026-07-01 17:55:03 /api/projects ........................................................................ ~ 1.80ms
  2026-07-01 17:55:03 /api/resignations .................................................................... ~ 1.86ms
  2026-07-01 17:55:03 /api/notifications ................................................................... ~ 2.21ms
  2026-07-01 17:55:03 /api/users ........................................................................... ~ 2.23ms
  2026-07-01 17:55:03 /api/report-groups ................................................................... ~ 2.20ms
  2026-07-01 17:55:03 /api/attendance/summary .............................................................. ~ 2.19ms
  2026-07-01 17:55:03 /api/audit-logs ...................................................................... ~ 1.97ms
  2026-07-01 17:55:03 /api/leave-requests .................................................................. ~ 1.95ms
  2026-07-01 17:55:03 /api/attendance/calendar ........................................................... ~ 518.63ms
  2026-07-01 17:55:03 /api/reports/overall ............................................................... ~ 517.71ms
  2026-07-01 17:55:03 /api/tasks ........................................................................... ~ 2.97ms
  2026-07-01 17:55:03 /api/projects ........................................................................ ~ 1.89ms
  2026-07-01 17:55:04 /api/notifications ................................................................... ~ 2.07ms
  2026-07-01 17:55:04 /api/report-groups ................................................................... ~ 4.25ms
  2026-07-01 17:55:04 /api/audit-logs ...................................................................... ~ 3.93ms
  2026-07-01 17:55:04 /api/attendance/calendar ............................................................. ~ 2.18ms
  2026-07-01 17:55:09 /api/payroll/onboarding-status ....................................................... ~ 0.46ms
  2026-07-01 17:55:09 /api/payroll/runs .................................................................... ~ 0.25ms
  2026-07-01 17:55:09 /api/payroll/pay-groups .............................................................. ~ 2.68ms
  2026-07-01 17:55:10 /api/payroll/departments ............................................................. ~ 3.80ms
  2026-07-01 17:55:10 /api/payroll/onboarding-status ....................................................... ~ 2.19ms
  2026-07-01 17:55:10 /api/payroll/runs .................................................................. ~ 505.09ms
  2026-07-01 17:55:10 /api/payroll/pay-groups ............................................................ ~ 505.45ms
  2026-07-01 17:55:10 /api/payroll/departments ............................................................. ~ 2.19ms
  2026-07-01 17:55:10 /api/leave-requests .................................................................. ~ 1.51ms
  2026-07-01 17:55:10 /api/attendance-time-edit-requests ................................................... ~ 1.82ms
  2026-07-01 17:55:10 /api/notifications ................................................................... ~ 1.57ms
  2026-07-01 17:55:10 /api/chat/unread-summary ............................................................. ~ 2.16ms
  2026-07-01 17:55:17 /api/payroll/pay-groups .............................................................. ~ 1.08ms
  2026-07-01 17:55:17 /api/payroll/departments ............................................................. ~ 2.64ms
  2026-07-01 17:55:17 /api/payroll/pay-groups .............................................................. ~ 0.13ms
  2026-07-01 17:55:17 /api/payroll/departments ............................................................. ~ 0.24ms
  2026-07-01 17:55:18 /api/leave-requests .................................................................. ~ 0.29ms
  2026-07-01 17:55:18 /api/attendance-time-edit-requests ................................................... ~ 2.42ms
  2026-07-01 17:55:18 /api/notifications ................................................................... ~ 3.90ms
  2026-07-01 17:55:18 /api/chat/unread-summary ........................................................... ~ 516.56ms
  2026-07-01 17:55:25 /api/payroll/pay-groups .............................................................. ~ 1.04ms
  2026-07-01 17:55:25 /api/payroll/departments ............................................................. ~ 3.47ms
  2026-07-01 17:55:25 /api/payroll/pay-groups .............................................................. ~ 0.08ms
  2026-07-01 17:55:25 /api/payroll/departments ............................................................. ~ 0.10ms
  2026-07-01 17:55:25 /api/payroll/pay-groups .............................................................. ~ 0.75ms
  2026-07-01 17:55:25 /api/payroll/departments ............................................................. ~ 2.45ms
  2026-07-01 17:55:25 /api/payroll/pay-groups .............................................................. ~ 0.27ms
  2026-07-01 17:55:25 /api/payroll/departments ............................................................. ~ 1.96ms
  2026-07-01 17:55:26 /api/leave-requests .................................................................. ~ 0.98ms
  2026-07-01 17:55:26 /api/attendance-time-edit-requests ................................................... ~ 3.15ms
  2026-07-01 17:55:26 /api/notifications ................................................................... ~ 4.56ms
  2026-07-01 17:55:26 /api/chat/unread-summary ............................................................. ~ 3.42ms
  2026-07-01 17:55:30 /api/payroll/pay-groups .............................................................. ~ 1.36ms
  2026-07-01 17:55:30 /api/payroll/departments ............................................................. ~ 2.98ms
  2026-07-01 17:55:30 /api/payroll/pay-groups .............................................................. ~ 0.10ms
  2026-07-01 17:55:30 /api/payroll/departments ............................................................. ~ 0.18ms
  2026-07-01 17:55:31 /api/payroll/pay-groups .............................................................. ~ 0.31ms
  2026-07-01 17:55:31 /api/payroll/departments ............................................................. ~ 2.88ms
  2026-07-01 17:55:31 /api/payroll/pay-groups .............................................................. ~ 0.10ms
  2026-07-01 17:55:31 /api/payroll/departments ............................................................. ~ 1.65ms
  2026-07-01 17:55:34 /api/leave-requests .................................................................. ~ 1.14ms
  2026-07-01 17:55:34 /api/attendance-time-edit-requests ................................................... ~ 3.37ms
  2026-07-01 17:55:34 /api/notifications ................................................................... ~ 6.59ms
  2026-07-01 17:55:34 /api/chat/unread-summary ............................................................. ~ 1.68ms
  2026-07-01 17:55:41 /api/payroll/onboarding-status ....................................................... ~ 0.26ms
  2026-07-01 17:55:42 /api/leave-requests .................................................................. ~ 0.26ms
  2026-07-01 17:55:42 /api/attendance-time-edit-requests ................................................... ~ 2.28ms
  2026-07-01 17:55:42 /api/notifications ................................................................. ~ 517.66ms
  2026-07-01 17:55:42 /api/chat/unread-summary ........................................................... ~ 515.95ms
  2026-07-01 17:55:50 /api/leave-requests ................................................................ ~ 513.44ms
  2026-07-01 17:55:50 /api/attendance-time-edit-requests ................................................... ~ 0.16ms
  2026-07-01 17:55:50 /api/notifications ................................................................... ~ 3.24ms
  2026-07-01 17:55:50 /api/chat/unread-summary ............................................................. ~ 1.95ms
  2026-07-01 17:55:58 /api/leave-requests .................................................................. ~ 1.41ms
  2026-07-01 17:55:58 /api/attendance-time-edit-requests .................................................. ~ 13.00ms
  2026-07-01 17:55:58 /api/notifications .................................................................. ~ 21.38ms
  2026-07-01 17:55:58 /api/chat/unread-summary ............................................................ ~ 23.61ms
  2026-07-01 17:56:06 /api/leave-requests .................................................................. ~ 0.36ms
  2026-07-01 17:56:06 /api/attendance-time-edit-requests ................................................... ~ 2.33ms
  2026-07-01 17:56:06 /api/notifications ................................................................... ~ 3.46ms
  2026-07-01 17:56:06 /api/chat/unread-summary ........................................................... ~ 516.56ms
  2026-07-01 17:56:14 /api/leave-requests .................................................................. ~ 0.44ms
  2026-07-01 17:56:14 /api/attendance-time-edit-requests ................................................... ~ 2.76ms
  2026-07-01 17:56:14 /api/notifications ................................................................. ~ 511.80ms
  2026-07-01 17:56:15 /api/chat/unread-summary ........................................................... ~ 514.77ms
  2026-07-01 17:56:22 /api/leave-requests .................................................................. ~ 0.30ms
  2026-07-01 17:56:22 /api/attendance-time-edit-requests ................................................... ~ 5.30ms
  2026-07-01 17:56:22 /api/notifications ................................................................... ~ 2.15ms
  2026-07-01 17:56:22 /api/chat/unread-summary ............................................................. ~ 6.43ms
  2026-07-01 17:56:30 /api/leave-requests .................................................................. ~ 1.27ms
  2026-07-01 17:56:30 /api/attendance-time-edit-requests ................................................... ~ 4.45ms
  2026-07-01 17:56:30 /api/notifications ................................................................... ~ 8.80ms
  2026-07-01 17:56:30 /api/chat/unread-summary ............................................................. ~ 6.18ms
  2026-07-01 17:56:38 /api/leave-requests .................................................................. ~ 0.36ms
  2026-07-01 17:56:38 /api/attendance-time-edit-requests ................................................. ~ 517.11ms
  2026-07-01 17:56:38 /api/notifications ................................................................. ~ 519.84ms
  2026-07-01 17:56:38 /api/chat/unread-summary ........................................................... ~ 521.92ms
  2026-07-01 17:56:46 /api/leave-requests .................................................................. ~ 0.61ms
  2026-07-01 17:56:46 /api/attendance-time-edit-requests ................................................... ~ 4.20ms
  2026-07-01 17:56:46 /api/notifications ................................................................... ~ 1.37ms
  2026-07-01 17:56:46 /api/chat/unread-summary ............................................................. ~ 3.03ms
  2026-07-01 17:56:54 /api/leave-requests .................................................................. ~ 0.64ms
  2026-07-01 17:56:54 /api/attendance-time-edit-requests ................................................... ~ 7.26ms
  2026-07-01 17:56:54 /api/notifications ................................................................... ~ 4.65ms
  2026-07-01 17:56:55 /api/chat/unread-summary ............................................................. ~ 6.75ms
  2026-07-01 17:57:02 /api/leave-requests ................................................................ ~ 514.50ms
  2026-07-01 17:57:02 /api/attendance-time-edit-requests ................................................. ~ 527.32ms
  2026-07-01 17:57:02 /api/notifications ................................................................. ~ 533.56ms
  2026-07-01 17:57:02 /api/chat/unread-summary ............................................................ ~ 16.91ms
  2026-07-01 17:58:02 /api/leave-requests .................................................................. ~ 0.30ms
  2026-07-01 17:58:02 /api/attendance-time-edit-requests ................................................... ~ 2.07ms
  2026-07-01 17:58:02 /api/notifications ................................................................... ~ 3.42ms
  2026-07-01 17:58:03 /api/chat/unread-summary ........................................................... ~ 515.51ms
  2026-07-01 17:59:02 /api/leave-requests .................................................................. ~ 1.96ms
  2026-07-01 17:59:02 /api/attendance-time-edit-requests ................................................... ~ 7.69ms
  2026-07-01 17:59:02 /api/notifications ................................................................... ~ 4.26ms
  2026-07-01 17:59:03 /api/chat/unread-summary ............................................................. ~ 1.84ms
  2026-07-01 18:00:02 /api/leave-requests ................................................................ ~ 517.05ms
  2026-07-01 18:00:02 /api/attendance-time-edit-requests ................................................. ~ 521.92ms
  2026-07-01 18:00:02 /api/notifications ................................................................. ~ 524.97ms
  2026-07-01 18:00:03 /api/chat/unread-summary ............................................................. ~ 3.18ms
  2026-07-01 18:01:02 /api/leave-requests .................................................................. ~ 1.48ms
  2026-07-01 18:01:02 /api/attendance-time-edit-requests ................................................... ~ 6.19ms
  2026-07-01 18:01:03 /api/notifications ................................................................... ~ 0.10ms
  2026-07-01 18:01:03 /api/chat/unread-summary ............................................................. ~ 5.25ms
  2026-07-01 18:02:02 /api/leave-requests .................................................................. ~ 0.30ms
  2026-07-01 18:02:02 /api/attendance-time-edit-requests ................................................... ~ 2.07ms
  2026-07-01 18:02:02 /api/notifications ................................................................... ~ 3.46ms
  2026-07-01 18:02:02 /api/chat/unread-summary ............................................................. ~ 3.13ms
  2026-07-01 18:03:02 /api/leave-requests .................................................................. ~ 1.36ms
  2026-07-01 18:03:02 /api/attendance-time-edit-requests ................................................... ~ 7.22ms
  2026-07-01 18:03:02 /api/notifications ................................................................... ~ 3.24ms
  2026-07-01 18:03:03 /api/chat/unread-summary ............................................................. ~ 3.02ms
  2026-07-01 18:04:02 /api/leave-requests .................................................................. ~ 1.64ms
  2026-07-01 18:04:03 /api/attendance-time-edit-requests ................................................... ~ 0.15ms
  2026-07-01 18:04:03 /api/notifications ................................................................... ~ 4.24ms
  2026-07-01 18:04:03 /api/chat/unread-summary ............................................................. ~ 2.38ms
  2026-07-01 18:05:02 /api/leave-requests ................................................................ ~ 501.98ms
  2026-07-01 18:05:02 /api/attendance-time-edit-requests ................................................. ~ 503.52ms
  2026-07-01 18:05:02 /api/notifications ................................................................... ~ 1.27ms
  2026-07-01 18:05:02 /api/chat/unread-summary ............................................................. ~ 2.16ms
  2026-07-01 18:06:02 /api/leave-requests .................................................................. ~ 2.04ms
  2026-07-01 18:06:02 /api/attendance-time-edit-requests ................................................... ~ 5.85ms
  2026-07-01 18:06:02 /api/notifications ................................................................... ~ 4.15ms
  2026-07-01 18:06:03 /api/chat/unread-summary ............................................................. ~ 2.34ms
  2026-07-01 18:07:02 /api/leave-requests .................................................................. ~ 1.63ms
  2026-07-01 18:07:02 /api/attendance-time-edit-requests ................................................... ~ 7.87ms
  2026-07-01 18:07:03 /api/notifications ................................................................... ~ 3.82ms
  2026-07-01 18:07:03 /api/chat/unread-summary ............................................................. ~ 4.38ms
  2026-07-01 18:08:02 /api/leave-requests ................................................................ ~ 516.81ms
  2026-07-01 18:08:02 /api/attendance-time-edit-requests ................................................. ~ 520.51ms
  2026-07-01 18:08:02 /api/notifications ................................................................. ~ 524.60ms
  2026-07-01 18:08:03 /api/chat/unread-summary ............................................................. ~ 3.64ms
  2026-07-01 18:09:02 /api/leave-requests .................................................................. ~ 1.93ms
  2026-07-01 18:09:02 /api/attendance-time-edit-requests ................................................... ~ 7.07ms
  2026-07-01 18:09:02 /api/notifications ................................................................... ~ 3.05ms
  2026-07-01 18:09:02 /api/chat/unread-summary ............................................................. ~ 2.70ms
  2026-07-01 18:10:02 /api/leave-requests .................................................................. ~ 2.07ms
  2026-07-01 18:10:02 /api/attendance-time-edit-requests ................................................... ~ 7.74ms
  2026-07-01 18:10:03 /api/notifications ................................................................... ~ 3.40ms
  2026-07-01 18:10:03 /api/chat/unread-summary ............................................................. ~ 2.88ms
  2026-07-01 18:11:02 /api/leave-requests .................................................................. ~ 0.25ms
  2026-07-01 18:11:02 /api/attendance-time-edit-requests ................................................... ~ 0.23ms
  2026-07-01 18:11:02 /api/notifications ................................................................... ~ 1.98ms
  2026-07-01 18:11:03 /api/chat/unread-summary ............................................................. ~ 3.42ms
  2026-07-01 18:12:02 /api/leave-requests .................................................................. ~ 1.21ms
  2026-07-01 18:12:02 /api/attendance-time-edit-requests ................................................... ~ 5.10ms
  2026-07-01 18:12:02 /api/notifications ................................................................... ~ 7.92ms
  2026-07-01 18:12:02 /api/chat/unread-summary ............................................................. ~ 4.64ms
  2026-07-01 18:13:02 /api/leave-requests .................................................................. ~ 1.25ms
  2026-07-01 18:13:02 /api/attendance-time-edit-requests ................................................... ~ 5.03ms
  2026-07-01 18:13:02 /api/notifications ................................................................... ~ 7.85ms
  2026-07-01 18:13:03 /api/chat/unread-summary ............................................................. ~ 7.40ms
  2026-07-01 18:14:02 /api/leave-requests .................................................................. ~ 0.72ms
  2026-07-01 18:14:02 /api/attendance-time-edit-requests ................................................... ~ 2.61ms
  2026-07-01 18:14:02 /api/notifications ................................................................... ~ 1.35ms
  2026-07-01 18:14:02 /api/chat/unread-summary ............................................................. ~ 3.20ms
  2026-07-01 18:15:02 /api/leave-requests .................................................................. ~ 1.74ms
  2026-07-01 18:15:02 /api/attendance-time-edit-requests ................................................... ~ 9.71ms
  2026-07-01 18:15:02 /api/notifications .................................................................. ~ 13.34ms
  2026-07-01 18:15:02 /api/chat/unread-summary ............................................................ ~ 18.08ms
  2026-07-01 18:16:02 /api/leave-requests .................................................................. ~ 0.41ms
  2026-07-01 18:16:02 /api/attendance-time-edit-requests ................................................... ~ 2.34ms
  2026-07-01 18:16:03 /api/notifications ................................................................... ~ 1.23ms
  2026-07-01 18:16:03 /api/chat/unread-summary ............................................................. ~ 1.58ms
  2026-07-01 18:17:02 /api/leave-requests .................................................................. ~ 0.39ms
  2026-07-01 18:17:02 /api/attendance-time-edit-requests ................................................. ~ 514.22ms
  2026-07-01 18:17:02 /api/notifications ................................................................. ~ 518.11ms
  2026-07-01 18:17:02 /api/chat/unread-summary ........................................................... ~ 517.99ms
  2026-07-01 18:18:02 /api/leave-requests .................................................................. ~ 1.26ms
  2026-07-01 18:18:02 /api/attendance-time-edit-requests ................................................... ~ 5.41ms
  2026-07-01 18:18:02 /api/notifications ................................................................... ~ 2.74ms
  2026-07-01 18:18:03 /api/chat/unread-summary ............................................................. ~ 1.66ms
  2026-07-01 18:19:02 /api/leave-requests .................................................................. ~ 0.94ms
  2026-07-01 18:19:02 /api/attendance-time-edit-requests ................................................... ~ 5.16ms
  2026-07-01 18:19:02 /api/notifications ................................................................... ~ 7.95ms
  2026-07-01 18:19:03 /api/chat/unread-summary ............................................................. ~ 4.66ms
  2026-07-01 18:20:02 /api/leave-requests .................................................................. ~ 1.00ms
  2026-07-01 18:20:02 /api/attendance-time-edit-requests ................................................... ~ 2.66ms
  2026-07-01 18:20:02 /api/notifications ................................................................... ~ 1.32ms
  2026-07-01 18:20:02 /api/chat/unread-summary ............................................................. ~ 2.35ms
  2026-07-01 18:21:02 /api/leave-requests .................................................................. ~ 0.25ms
  2026-07-01 18:21:02 /api/attendance-time-edit-requests ................................................. ~ 515.99ms
  2026-07-01 18:21:02 /api/notifications ................................................................. ~ 515.13ms
  2026-07-01 18:21:02 /api/chat/unread-summary ............................................................. ~ 1.72ms
  2026-07-01 18:22:02 /api/leave-requests .................................................................. ~ 0.33ms
  2026-07-01 18:22:03 /api/attendance-time-edit-requests ................................................... ~ 0.11ms
  2026-07-01 18:22:03 /api/notifications ................................................................... ~ 1.39ms
  2026-07-01 18:22:03 /api/chat/unread-summary ............................................................. ~ 1.72ms
  2026-07-01 18:23:02 /api/leave-requests .................................................................. ~ 0.73ms
  2026-07-01 18:23:02 /api/attendance-time-edit-requests ................................................... ~ 3.16ms
  2026-07-01 18:23:02 /api/notifications ................................................................... ~ 4.64ms
  2026-07-01 18:23:02 /api/chat/unread-summary ............................................................. ~ 7.29ms
  2026-07-01 18:24:02 /api/leave-requests ................................................................ ~ 511.40ms
  2026-07-01 18:24:02 /api/attendance-time-edit-requests ................................................... ~ 0.15ms
  2026-07-01 18:24:02 /api/notifications ................................................................... ~ 1.58ms
  2026-07-01 18:24:03 /api/chat/unread-summary ............................................................. ~ 3.08ms
  2026-07-01 18:25:02 /api/leave-requests .................................................................. ~ 1.43ms
  2026-07-01 18:25:02 /api/attendance-time-edit-requests ................................................... ~ 3.71ms
  2026-07-01 18:25:02 /api/notifications ................................................................... ~ 5.12ms
  2026-07-01 18:25:02 /api/chat/unread-summary ............................................................. ~ 8.74ms
  2026-07-01 18:26:02 /api/leave-requests .................................................................. ~ 0.52ms
  2026-07-01 18:26:02 /api/attendance-time-edit-requests ................................................... ~ 0.20ms
  2026-07-01 18:26:02 /api/notifications ................................................................... ~ 2.44ms
  2026-07-01 18:26:03 /api/chat/unread-summary ........................................................... ~ 507.21ms
  2026-07-01 18:27:02 /api/leave-requests .................................................................. ~ 0.48ms
  2026-07-01 18:27:02 /api/attendance-time-edit-requests ................................................... ~ 0.12ms
  2026-07-01 18:27:02 /api/notifications ................................................................... ~ 1.52ms
  2026-07-01 18:27:03 /api/chat/unread-summary ............................................................. ~ 2.50ms
  2026-07-01 18:28:02 /api/leave-requests .................................................................. ~ 0.59ms
  2026-07-01 18:28:03 /api/attendance-time-edit-requests ................................................... ~ 0.12ms
  2026-07-01 18:28:03 /api/notifications ................................................................... ~ 2.15ms
  2026-07-01 18:28:03 /api/chat/unread-summary ............................................................. ~ 2.79ms
  2026-07-01 18:29:02 /api/leave-requests ................................................................ ~ 514.56ms
  2026-07-01 18:29:02 /api/attendance-time-edit-requests ................................................... ~ 0.25ms
  2026-07-01 18:29:02 /api/chat/unread-summary ............................................................. ~ 1.81ms
  2026-07-01 18:29:03 /api/notifications ................................................................... ~ 2.45ms
